{"stats":{"minecraft:custom":{"minecraft:time_since_rest":5787,"minecraft:crouch_one_cm":44,"minecraft:play_time":5787,"minecraft:sprint_one_cm":13215,"minecraft:damage_taken":20,"minecraft:walk_one_cm":16271,"minecraft:sneak_time":84,"minecraft:jump":85,"minecraft:damage_dealt":30,"minecraft:time_since_death":5787,"minecraft:total_world_time":5787,"minecraft:hex":0,"minecraft:interact_with_crafting_table":3,"minecraft:fall_one_cm":2345,"minecraft:fly_one_cm":15741},"minecraft:picked_up":{"minecraft:raw_iron":2,"minecraft:stick":1,"minecraft:crafting_table":1,"minecraft:oak_log":5,"minecraft:oak_sapling":1,"minecraft:coal":6,"minecraft:cobblestone":17},"minecraft:used":{"minecraft:torch":6,"minecraft:wooden_axe":1,"minecraft:cobblestone":1,"minecraft:crafting_table":2,"minecraft:stone_pickaxe":4,"minecraft:wooden_pickaxe":21},"minecraft:crafted":{"minecraft:oak_planks":20,"minecraft:torch":20,"minecraft:crafting_table":1,"minecraft:stick":12,"minecraft:wooden_pickaxe":1,"minecraft:stone_pickaxe":1,"minecraft:wooden_axe":1},"minecraft:mined":{"minecraft:coal_ore":6,"minecraft:grass":2,"minecraft:oak_log":5,"minecraft:iron_ore":2,"minecraft:stone":17,"minecraft:oak_leaves":4,"minecraft:crafting_table":1}},"DataVersion":3465}