{"stats":{"minecraft:broken":{"minecraft:wooden_hoe":1,"minecraft:stone_hoe":1},"minecraft:crafted":{"minecraft:oak_planks":68,"mcdw:staff_battlestaff":1,"minecraft:crafting_table":3,"minecraft:spruce_planks":178,"minecraft:wooden_pickaxe":1,"minecraft:furnace":1,"minecraft:bread":15,"minecraft:air":0,"berserker_rpg:stone_berserker_axe":1,"minecraft:wooden_hoe":1,"minecraft:iron_axe":1,"minecraft:stick":16,"minecraft:iron_ingot":3,"minecraft:iron_pickaxe":1,"minecraft:stone_pickaxe":1,"minecraft:wooden_axe":1,"minecraft:iron_shovel":1,"minecraft:torch":20,"minecraft:stone_hoe":1,"minecraft:wheat":45},"minecraft:custom":{"minecraft:interact_with_furnace":9,"minecraft:mob_kills":6,"minecraft:interact_with_crafting_table":17,"minecraft:open_barrel":5,"minecraft:leave_game":3,"minecraft:time_since_death":49818,"minecraft:sleep_in_bed":1,"minecraft:climb_one_cm":3089,"minecraft:hex":0,"minecraft:time_since_rest":24527,"minecraft:sprint_one_cm":169071,"minecraft:damage_taken":859,"minecraft:walk_one_cm":269215,"minecraft:drop":31,"minecraft:damage_dealt":907,"minecraft:swim_one_cm":6826,"minecraft:fly_one_cm":158200,"minecraft:open_chest":16,"minecraft:crouch_one_cm":8353,"minecraft:play_time":71266,"minecraft:deaths":1,"minecraft:sneak_time":3280,"minecraft:walk_under_water_one_cm":7621,"minecraft:jump":866,"minecraft:walk_on_water_one_cm":10661,"minecraft:total_world_time":71266,"minecraft:fall_one_cm":10341},"minecraft:used":{"minecraft:water_bucket":1,"minecraft:iron_shovel":162,"minecraft:stone_pickaxe":23,"minecraft:chest":2,"minecraft:spruce_planks":107,"minecraft:wooden_pickaxe":21,"minecraft:stone_hoe":97,"mcdw:staff_battlestaff":9,"minecraft:torch":15,"minecraft:dirt":159,"minecraft:spyglass":1,"berserker_rpg:stone_berserker_axe":4,"minecraft:crafting_table":4,"minecraft:spruce_log":21,"minecraft:wooden_axe":12,"minecraft:wooden_hoe":59,"minecraft:diamond_pickaxe":12,"minecraft:iron_axe":32,"minecraft:bread":17,"minecraft:iron_pickaxe":20,"minecraft:cobblestone":7,"minecraft:sweet_berries":1,"minecraft:furnace":1,"minecraft:bucket":1,"minecraft:potato":11,"minecraft:cobbled_deepslate":6},"minecraft:killed_by":{"minecraft:zombie":1},"minecraft:mined":{"minecraft:spruce_planks":6,"minecraft:farmland":1,"universal_ores:andesite_iron_ore":1,"minecraft:crafting_table":1,"minecraft:torch":1,"minecraft:grass_block":135,"minecraft:chest":2,"minecraft:tall_grass":4,"minecraft:cobblestone":1,"minecraft:diorite":1,"minecraft:wall_torch":1,"minecraft:hay_block":5,"minecraft:wheat":17,"minecraft:spruce_sapling":8,"paladins:monk_workbench":1,"minecraft:sea_pickle":1,"minecraft:iron_ore":12,"minecraft:sweet_berry_bush":9,"minecraft:spruce_log":4,"minecraft:pumpkin_stem":1,"minecraft:grass":17,"minecraft:potatoes":3,"minecraft:oak_log":5,"minecraft:coal_ore":11,"minecraft:dirt_path":2,"minecraft:sand":1,"minecraft:gravel":2,"minecraft:dirt":31,"minecraft:stone":29,"minecraft:oak_leaves":5,"minecraft:spruce_slab":1,"minecraft:deepslate":7,"minecraft:fern":7},"minecraft:picked_up":{"minecraft:crafting_table":1,"minecraft:wheat":7,"plentyofarmors:copper_helmet":1,"minecraft:wooden_pickaxe":1,"minecraft:potato":1,"minecraft:oak_log":17,"mcdw:glaive_cackling_broom":1,"minecraft:shield":1,"minecraft:gunpowder":2,"minecraft:dirt":160,"minecraft:string":1,"minecraft:lantern":1,"minecraft:sea_pickle":2,"minecraft:bow":1,"minecraft:wheat_seeds":29,"minecraft:cobbled_deepslate":7,"minecraft:bucket":1,"minecraft:spruce_planks":8,"minecraft:iron_ingot":1,"minecraft:spruce_slab":2,"minecraft:chest":4,"minecraft:stick":17,"minecraft:raw_iron":12,"minecraft:sweet_berries":22,"runes:arcane_stone":1,"minecraft:torch":6,"minecraft:spyglass":1,"minecraft:gravel":1,"minecraft:spruce_sapling":19,"minecraft:diorite":1,"minecraft:spruce_log":73,"paladins:monk_workbench":1,"minecraft:spider_eye":3,"minecraft:pumpkin_seeds":1,"minecraft:rotten_flesh":5,"runes:frost_stone":1,"magistuarmory:corruptedroundshield":1,"minecraft:hay_block":5,"minecraft:golden_apple":1,"minecraft:emerald":1,"minecraft:bread":33,"plentyofarmors:copper_chestplate":2,"minecraft:oak_sapling":4,"minecraft:brown_banner":1,"minecraft:coal":11,"minecraft:cobblestone":30},"minecraft:killed":{"minecraft:witch":1,"minecraft:spider":1,"minecraft:creeper":1,"minecraft:zombie":1,"minecraft:drowned":1},"minecraft:dropped":{"runes:frost_stone":1,"minecraft:bread":8,"plentyofarmors:copper_chestplate":1,"minecraft:rotten_flesh":1,"minecraft:lantern":1,"minecraft:pumpkin_seeds":1,"minecraft:mushroom_stew":1,"minecraft:emerald":1,"minecraft:dirt":1,"minecraft:gunpowder":2,"minecraft:torch":9,"minecraft:spruce_planks":1,"minecraft:wooden_axe":1,"minecraft:chest":2,"minecraft:spider_eye":3,"minecraft:spruce_log":1,"minecraft:spruce_slab":2,"minecraft:spruce_sapling":19}},"DataVersion":3465}