{"stats":{"minecraft:crafted":{"minecraft:oak_planks":68,"mcdw:staff_battlestaff":1,"minecraft:crafting_table":2,"minecraft:spruce_planks":52,"minecraft:wooden_pickaxe":1,"minecraft:furnace":1,"minecraft:bread":15,"minecraft:air":0,"minecraft:iron_axe":1,"minecraft:stick":16,"minecraft:iron_ingot":3,"minecraft:iron_pickaxe":1,"minecraft:stone_pickaxe":1,"minecraft:wooden_axe":1,"minecraft:torch":20,"minecraft:wheat":45},"minecraft:custom":{"minecraft:interact_with_furnace":9,"minecraft:mob_kills":5,"minecraft:interact_with_crafting_table":12,"minecraft:open_barrel":5,"minecraft:leave_game":2,"minecraft:time_since_death":17273,"minecraft:climb_one_cm":3089,"minecraft:hex":0,"minecraft:time_since_rest":17312,"minecraft:sprint_one_cm":113280,"minecraft:damage_taken":799,"minecraft:walk_one_cm":133232,"minecraft:drop":19,"minecraft:damage_dealt":747,"minecraft:swim_one_cm":3607,"minecraft:fly_one_cm":107686,"minecraft:open_chest":16,"minecraft:crouch_one_cm":1066,"minecraft:play_time":38721,"minecraft:deaths":1,"minecraft:sneak_time":781,"minecraft:walk_under_water_one_cm":315,"minecraft:jump":629,"minecraft:walk_on_water_one_cm":3726,"minecraft:total_world_time":38721,"minecraft:fall_one_cm":9296},"minecraft:used":{"minecraft:stone_pickaxe":23,"minecraft:spruce_planks":7,"minecraft:wooden_pickaxe":21,"mcdw:staff_battlestaff":9,"minecraft:torch":15,"minecraft:spyglass":1,"minecraft:crafting_table":3,"minecraft:wooden_axe":12,"minecraft:diamond_pickaxe":12,"minecraft:iron_axe":15,"minecraft:bread":14,"minecraft:iron_pickaxe":17,"minecraft:cobblestone":7,"minecraft:sweet_berries":1,"minecraft:furnace":1,"minecraft:cobbled_deepslate":6},"minecraft:killed_by":{"minecraft:zombie":1},"minecraft:mined":{"universal_ores:andesite_iron_ore":1,"minecraft:crafting_table":1,"minecraft:torch":1,"minecraft:chest":2,"minecraft:cobblestone":1,"minecraft:diorite":1,"minecraft:hay_block":5,"minecraft:spruce_sapling":1,"paladins:monk_workbench":1,"minecraft:sea_pickle":1,"minecraft:iron_ore":12,"minecraft:sweet_berry_bush":9,"minecraft:grass":3,"minecraft:oak_log":5,"minecraft:coal_ore":11,"minecraft:gravel":2,"minecraft:stone":29,"minecraft:oak_leaves":5,"minecraft:spruce_slab":1,"minecraft:deepslate":7},"minecraft:picked_up":{"minecraft:crafting_table":1,"plentyofarmors:copper_helmet":1,"minecraft:wooden_pickaxe":1,"minecraft:oak_log":17,"mcdw:glaive_cackling_broom":1,"minecraft:shield":1,"minecraft:gunpowder":2,"minecraft:string":1,"minecraft:lantern":1,"minecraft:sea_pickle":2,"minecraft:bow":1,"minecraft:cobbled_deepslate":7,"minecraft:spruce_planks":1,"minecraft:iron_ingot":1,"minecraft:spruce_slab":2,"minecraft:chest":2,"minecraft:stick":8,"minecraft:raw_iron":12,"minecraft:sweet_berries":22,"runes:arcane_stone":1,"minecraft:torch":1,"minecraft:spyglass":1,"minecraft:gravel":1,"minecraft:spruce_sapling":4,"minecraft:diorite":1,"minecraft:spruce_log":13,"paladins:monk_workbench":1,"minecraft:spider_eye":3,"minecraft:rotten_flesh":4,"runes:frost_stone":1,"minecraft:hay_block":5,"minecraft:golden_apple":1,"minecraft:emerald":1,"minecraft:bread":33,"plentyofarmors:copper_chestplate":2,"minecraft:oak_sapling":4,"minecraft:brown_banner":1,"minecraft:coal":11,"minecraft:cobblestone":30},"minecraft:killed":{"minecraft:witch":1,"minecraft:spider":1,"minecraft:creeper":1,"minecraft:zombie":1},"minecraft:dropped":{"minecraft:bread":8,"plentyofarmors:copper_chestplate":1,"minecraft:lantern":1,"minecraft:emerald":1,"minecraft:gunpowder":2,"minecraft:torch":5,"minecraft:spruce_planks":1,"minecraft:spruce_slab":2}},"DataVersion":3465}