{"stats":{"minecraft:picked_up":{"minecraft:crafting_table":1,"minecraft:stick":6,"minecraft:raw_iron":6,"minecraft:wooden_pickaxe":1,"minecraft:oak_log":17,"minecraft:shield":1,"minecraft:spider_eye":1,"minecraft:string":1,"minecraft:lantern":1,"minecraft:rotten_flesh":1,"minecraft:sea_pickle":2,"minecraft:cobbled_deepslate":7,"minecraft:hay_block":5,"minecraft:golden_apple":1,"minecraft:bread":33,"minecraft:oak_sapling":4,"minecraft:brown_banner":1,"minecraft:chest":1,"minecraft:coal":11,"minecraft:cobblestone":18},"minecraft:custom":{"minecraft:time_since_rest":17787,"minecraft:interact_with_furnace":5,"minecraft:sprint_one_cm":62536,"minecraft:damage_taken":259,"minecraft:walk_one_cm":62932,"minecraft:mob_kills":2,"minecraft:drop":13,"minecraft:damage_dealt":258,"minecraft:interact_with_crafting_table":7,"minecraft:fly_one_cm":64924,"minecraft:open_barrel":1,"minecraft:open_chest":8,"minecraft:crouch_one_cm":357,"minecraft:play_time":17787,"minecraft:sneak_time":355,"minecraft:jump":345,"minecraft:walk_on_water_one_cm":2105,"minecraft:time_since_death":17787,"minecraft:total_world_time":17787,"minecraft:hex":0,"minecraft:fall_one_cm":4881},"minecraft:killed":{"minecraft:spider":1},"minecraft:used":{"minecraft:wooden_axe":12,"minecraft:iron_axe":4,"minecraft:bread":4,"minecraft:stone_pickaxe":22,"minecraft:wooden_pickaxe":21,"minecraft:torch":11,"minecraft:cobblestone":6,"minecraft:crafting_table":3,"minecraft:furnace":1,"minecraft:cobbled_deepslate":3},"minecraft:crafted":{"minecraft:oak_planks":20,"minecraft:iron_axe":1,"minecraft:crafting_table":2,"minecraft:stick":12,"minecraft:iron_pickaxe":1,"minecraft:wooden_pickaxe":1,"minecraft:iron_ingot":3,"minecraft:stone_pickaxe":1,"minecraft:wooden_axe":1,"minecraft:furnace":1,"minecraft:torch":20,"minecraft:bread":15,"minecraft:air":0,"minecraft:wheat":45},"minecraft:mined":{"minecraft:hay_block":5,"minecraft:sea_pickle":1,"minecraft:iron_ore":7,"minecraft:crafting_table":1,"minecraft:grass":3,"minecraft:oak_log":5,"minecraft:coal_ore":11,"minecraft:chest":1,"minecraft:stone":18,"minecraft:oak_leaves":4,"minecraft:deepslate":7},"minecraft:dropped":{"minecraft:bread":8,"minecraft:torch":5}},"DataVersion":3465}