{"stats":{"minecraft:picked_up":{"minecraft:birch_log":13,"minecraft:stick":17,"minecraft:crafting_table":1,"magistuarmory:rustedchainmail_boots":1,"minecraft:acacia_log":36,"minecraft:oak_log":37,"minecraft:dirt":2,"minecraft:apple":2,"minecraft:oak_sapling":9,"minecraft:sugar_cane":3,"minecraft:birch_sapling":3,"minecraft:acacia_sapling":10,"minecraft:cobblestone":11},"minecraft:custom":{"minecraft:time_since_rest":6602,"minecraft:waystone_activated":1,"minecraft:interact_with_furnace":1,"minecraft:sprint_one_cm":89487,"minecraft:damage_taken":315,"minecraft:walk_one_cm":58534,"minecraft:mob_kills":2,"minecraft:damage_dealt":267,"minecraft:talked_to_villager":2,"minecraft:interact_with_crafting_table":4,"minecraft:swim_one_cm":12935,"minecraft:fly_one_cm":39494,"minecraft:open_chest":7,"minecraft:crouch_one_cm":1266,"minecraft:play_time":19778,"minecraft:deaths":2,"minecraft:sneak_time":1580,"minecraft:walk_under_water_one_cm":155,"minecraft:jump":258,"minecraft:leave_game":6,"minecraft:time_since_death":6575,"minecraft:walk_on_water_one_cm":1778,"minecraft:total_world_time":19778,"minecraft:climb_one_cm":372,"minecraft:hex":0,"minecraft:fall_one_cm":3085},"minecraft:killed":{"minecraft:zombie":2},"minecraft:used":{"minecraft:wooden_axe":16,"minecraft:apple":2,"minecraft:wooden_pickaxe":14,"minecraft:wooden_sword":2,"minecraft:crafting_table":1},"minecraft:crafted":{"minecraft:wooden_sword":1,"minecraft:wooden_shovel":1,"minecraft:crafting_table":1,"minecraft:stick":4,"minecraft:wooden_pickaxe":1,"minecraft:wooden_axe":2,"minecraft:birch_planks":52},"minecraft:mined":{"minecraft:birch_sapling":1,"minecraft:acacia_leaves":3,"minecraft:acacia_sapling":3,"minecraft:birch_log":3,"minecraft:crafting_table":1,"minecraft:grass":2,"minecraft:acacia_log":1,"minecraft:grass_block":1,"minecraft:dirt":1,"minecraft:tall_grass":1,"minecraft:stone":11,"minecraft:sugar_cane":1},"minecraft:broken":{"minecraft:wooden_axe":2},"minecraft:killed_by":{"minecraft:zombie":1}},"DataVersion":3465}