{"stats":{"minecraft:broken":{"minecraft:wooden_axe":2},"minecraft:crafted":{"minecraft:wooden_sword":1,"minecraft:wooden_shovel":1,"minecraft:crafting_table":2,"minecraft:stick":4,"minecraft:wooden_pickaxe":1,"minecraft:wooden_axe":2,"minecraft:acacia_planks":176,"minecraft:birch_planks":52,"minecraft:stone_axe":1,"minecraft:bread":21,"minecraft:wheat":153},"minecraft:custom":{"minecraft:time_since_rest":16081,"minecraft:interact_with_furnace":1,"minecraft:damage_taken":345,"minecraft:sprint_one_cm":115029,"minecraft:walk_one_cm":98315,"minecraft:mob_kills":2,"minecraft:damage_dealt":267,"minecraft:interact_with_crafting_table":7,"minecraft:swim_one_cm":12935,"minecraft:talked_to_villager":3,"minecraft:fly_one_cm":55756,"minecraft:open_chest":7,"minecraft:crouch_one_cm":6340,"minecraft:play_time":29257,"minecraft:deaths":2,"minecraft:sneak_time":2701,"minecraft:walk_under_water_one_cm":155,"minecraft:jump":376,"minecraft:leave_game":6,"minecraft:time_since_death":16054,"minecraft:walk_on_water_one_cm":1778,"minecraft:total_world_time":29257,"minecraft:climb_one_cm":372,"minecraft:hex":0,"minecraft:fall_one_cm":5496,"minecraft:waystone_activated":1},"minecraft:used":{"minecraft:apple":2,"minecraft:bread":3,"minecraft:wooden_pickaxe":32,"minecraft:wooden_shovel":58,"minecraft:stone_axe":12,"minecraft:wooden_sword":2,"minecraft:crafting_table":2,"minecraft:acacia_planks":178,"minecraft:wooden_axe":16},"minecraft:killed_by":{"minecraft:zombie":1},"minecraft:mined":{"minecraft:birch_sapling":1,"minecraft:hay_block":17,"minecraft:coarse_dirt":3,"minecraft:acacia_leaves":6,"minecraft:acacia_sapling":5,"minecraft:birch_log":3,"minecraft:crafting_table":2,"minecraft:grass":12,"minecraft:acacia_log":2,"minecraft:grass_block":51,"minecraft:dirt":8,"minecraft:tall_grass":1,"minecraft:acacia_planks":2,"minecraft:stone":11,"minecraft:sugar_cane":1,"minecraft:oak_leaves":2},"minecraft:picked_up":{"minecraft:birch_log":13,"minecraft:crafting_table":2,"minecraft:stick":26,"minecraft:coarse_dirt":3,"magistuarmory:rustedchainmail_boots":1,"minecraft:acacia_log":61,"minecraft:oak_log":41,"minecraft:dirt":58,"minecraft:acacia_planks":2,"minecraft:apple":2,"minecraft:wheat_seeds":2,"minecraft:hay_block":17,"minecraft:oak_sapling":10,"minecraft:sugar_cane":3,"minecraft:birch_sapling":3,"minecraft:acacia_sapling":17,"minecraft:cobblestone":11},"minecraft:killed":{"minecraft:zombie":2}},"DataVersion":3465}