{"stats":{"minecraft:custom":{"minecraft:time_since_rest":6666,"minecraft:crouch_one_cm":484,"minecraft:play_time":7778,"minecraft:sprint_one_cm":27430,"minecraft:damage_taken":60,"minecraft:deaths":1,"minecraft:walk_one_cm":12137,"minecraft:sneak_time":687,"minecraft:mob_kills":1,"minecraft:jump":86,"minecraft:damage_dealt":88,"minecraft:walk_on_water_one_cm":369,"minecraft:leave_game":6,"minecraft:time_since_death":4018,"minecraft:climb_one_cm":372,"minecraft:total_world_time":7778,"minecraft:hex":0,"minecraft:fall_one_cm":209,"minecraft:interact_with_crafting_table":3,"minecraft:fly_one_cm":10797},"minecraft:picked_up":{"minecraft:birch_log":13,"minecraft:stick":10,"minecraft:crafting_table":1,"minecraft:apple":2,"minecraft:oak_log":37,"minecraft:oak_sapling":9,"minecraft:birch_sapling":3},"minecraft:killed":{"minecraft:zombie":1},"minecraft:used":{"minecraft:wooden_axe":5,"minecraft:crafting_table":1},"minecraft:crafted":{"minecraft:birch_planks":12,"minecraft:crafting_table":1,"minecraft:stick":4,"minecraft:wooden_axe":1},"minecraft:mined":{"minecraft:birch_sapling":1,"minecraft:birch_log":3,"minecraft:crafting_table":1}},"DataVersion":3465}