{"stats":{"minecraft:broken":{"minecraft:wooden_axe":2,"minecraft:stone_axe":1},"minecraft:crafted":{"minecraft:wooden_sword":1,"minecraft:wooden_shovel":1,"minecraft:charcoal":21,"minecraft:crafting_table":2,"minecraft:stick":4,"minecraft:wooden_pickaxe":1,"minecraft:wooden_axe":2,"minecraft:furnace":1,"minecraft:acacia_planks":244,"minecraft:torch":24,"minecraft:birch_planks":52,"minecraft:stone_axe":1,"minecraft:bread":21,"minecraft:wheat":153},"minecraft:custom":{"minecraft:time_since_rest":3877,"minecraft:interact_with_furnace":3,"minecraft:damage_taken":836,"minecraft:sprint_one_cm":162250,"minecraft:walk_one_cm":130430,"minecraft:mob_kills":4,"minecraft:damage_dealt":957,"minecraft:interact_with_crafting_table":8,"minecraft:swim_one_cm":12935,"minecraft:talked_to_villager":3,"minecraft:fly_one_cm":82338,"minecraft:open_chest":12,"minecraft:crouch_one_cm":10877,"minecraft:play_time":42882,"minecraft:deaths":3,"minecraft:sneak_time":4112,"minecraft:walk_under_water_one_cm":155,"minecraft:jump":515,"minecraft:leave_game":7,"minecraft:time_since_death":3843,"minecraft:walk_on_water_one_cm":1778,"minecraft:sleep_in_bed":1,"minecraft:total_world_time":42882,"minecraft:climb_one_cm":372,"minecraft:hex":0,"minecraft:fall_one_cm":8451,"minecraft:waystone_activated":1},"minecraft:used":{"minecraft:apple":2,"minecraft:bread":5,"minecraft:wooden_pickaxe":34,"minecraft:wooden_shovel":58,"minecraft:stone_axe":41,"minecraft:wooden_sword":2,"minecraft:crafting_table":3,"minecraft:furnace":1,"minecraft:acacia_planks":223,"minecraft:wooden_axe":16},"minecraft:killed_by":{"minecraft:skeleton":1,"minecraft:zombie":1},"minecraft:mined":{"minecraft:birch_sapling":1,"minecraft:hay_block":17,"minecraft:coarse_dirt":3,"minecraft:acacia_leaves":6,"minecraft:acacia_sapling":7,"minecraft:birch_log":3,"minecraft:pumpkin":7,"minecraft:crafting_table":3,"minecraft:grass":14,"minecraft:acacia_log":3,"minecraft:grass_block":51,"minecraft:dirt":8,"minecraft:tall_grass":1,"minecraft:acacia_planks":6,"minecraft:stone":13,"minecraft:sugar_cane":1,"minecraft:oak_leaves":2},"minecraft:picked_up":{"minecraft:birch_log":13,"minecraft:crafting_table":3,"minecraft:stick":32,"minecraft:coarse_dirt":3,"magistuarmory:rustedchainmail_boots":1,"minecraft:pumpkin":7,"minecraft:acacia_log":98,"minecraft:oak_log":41,"magistuarmory:rustedchainmail_leggings":1,"farmersdelight:tomato":1,"minecraft:dirt":58,"minecraft:rotten_flesh":5,"minecraft:acacia_planks":6,"minecraft:apple":2,"minecraft:wheat_seeds":3,"minecraft:hay_block":17,"minecraft:oak_sapling":10,"minecraft:sugar_cane":3,"minecraft:birch_sapling":3,"minecraft:acacia_sapling":22,"minecraft:cobblestone":13},"minecraft:killed":{"minecraft:zombie":4}},"DataVersion":3465}