{"stats":{"minecraft:crafted":{"minecraft:oak_planks":88,"minecraft:crafting_table":4,"minecraft:wooden_pickaxe":2,"minecraft:stone_axe":1,"minecraft:bread":96,"minecraft:stick":8,"minecraft:stone_pickaxe":1,"minecraft:torch":24,"minecraft:wheat":288},"minecraft:custom":{"minecraft:mob_kills":3,"minecraft:interact_with_crafting_table":7,"minecraft:open_barrel":5,"minecraft:damage_dealt_resisted":55,"minecraft:interact_with_grindstone":1,"minecraft:leave_game":3,"minecraft:time_since_death":34954,"minecraft:sleep_in_bed":1,"minecraft:climb_one_cm":1734,"minecraft:hex":0,"minecraft:time_since_rest":17951,"minecraft:waystone_activated":1,"minecraft:sprint_one_cm":155486,"minecraft:damage_taken":1127,"minecraft:walk_one_cm":66623,"minecraft:drop":14,"minecraft:damage_dealt":793,"minecraft:swim_one_cm":38852,"minecraft:fly_one_cm":258327,"minecraft:open_chest":25,"minecraft:crouch_one_cm":352,"minecraft:play_time":34954,"minecraft:sneak_time":235,"minecraft:walk_under_water_one_cm":1537,"minecraft:jump":1086,"minecraft:walk_on_water_one_cm":6125,"minecraft:interact_with_smoker":1,"minecraft:total_world_time":34954,"minecraft:fall_one_cm":34502},"minecraft:used":{"minecraft:stone_pickaxe":31,"minecraft:wooden_pickaxe":21,"minecraft:blue_bed":1,"minecraft:torch":3,"minecraft:dirt":1,"minecraft:crafting_table":4,"minecraft:carrot":1,"minecraft:oak_log":2,"minecraft:apple":1,"minecraft:bread":26,"minecraft:stone_axe":47},"minecraft:mined":{"minecraft:melon_stem":1,"farmersdelight:wild_carrots":1,"minecraft:tall_grass":3,"farmersdelight:tomatoes":1,"minecraft:cartography_table":1,"minecraft:sugar_cane":2,"minecraft:blue_bed":1,"minecraft:hay_block":32,"minecraft:carrots":10,"minecraft:birch_log":1,"minecraft:wheat":37,"minecraft:acacia_wood":2,"minecraft:grass":33,"minecraft:oak_log":6,"minecraft:bookshelf":25,"minecraft:potatoes":10,"minecraft:coal_ore":27,"minecraft:dirt_path":1,"minecraft:beetroots":4,"minecraft:stone":24},"minecraft:picked_up":{"minecraft:birch_log":1,"minecraft:wooden_pickaxe":2,"minecraft:acacia_wood":2,"minecraft:potato":10,"minecraft:oak_log":37,"minecraft:blue_bed":1,"minecraft:dirt":1,"wizards:wand_novice":1,"minecraft:apple":1,"minecraft:wheat_seeds":53,"minecraft:cartography_table":1,"minecraft:sugar_cane":2,"minecraft:book":75,"minecraft:stick":13,"minecraft:torch":2,"farmersdelight:tomato_seeds":1,"minecraft:carrot":11,"minecraft:rotten_flesh":2,"minecraft:beetroot_seeds":4,"minecraft:hay_block":32,"minecraft:oak_sapling":6,"minecraft:melon_seeds":1,"minecraft:coal":24,"minecraft:cobblestone":24},"minecraft:killed":{"jaizmobs:totem_spirit":1,"minecraft:zombie":2},"minecraft:dropped":{"minecraft:acacia_wood":2,"minecraft:wheat_seeds":53,"wizards:wand_novice":1,"minecraft:oak_sapling":6,"minecraft:map":2,"minecraft:wooden_pickaxe":2,"minecraft:birch_log":1}},"DataVersion":3465}