{"stats":{"minecraft:crafted":{"minecraft:oak_planks":88,"minecraft:crafting_table":5,"minecraft:iron_helmet":1,"minecraft:wooden_pickaxe":2,"minecraft:iron_sword":1,"minecraft:furnace":2,"minecraft:stone_axe":1,"minecraft:bread":96,"minecraft:air":0,"minecraft:iron_boots":1,"minecraft:iron_axe":1,"minecraft:stick":8,"minecraft:iron_ingot":26,"minecraft:iron_pickaxe":1,"minecraft:stone_pickaxe":1,"minecraft:torch":24,"minecraft:wheat":288},"minecraft:custom":{"minecraft:interact_with_furnace":16,"minecraft:mob_kills":7,"minecraft:interact_with_crafting_table":19,"minecraft:open_barrel":5,"minecraft:damage_dealt_resisted":55,"minecraft:interact_with_grindstone":1,"minecraft:leave_game":3,"minecraft:time_since_death":46954,"minecraft:sleep_in_bed":1,"minecraft:climb_one_cm":1734,"minecraft:hex":0,"minecraft:time_since_rest":29951,"minecraft:waystone_activated":1,"minecraft:sprint_one_cm":188009,"minecraft:damage_taken":1378,"minecraft:walk_one_cm":95715,"minecraft:drop":36,"minecraft:damage_dealt":1830,"minecraft:swim_one_cm":43395,"minecraft:fly_one_cm":304148,"minecraft:open_chest":26,"minecraft:crouch_one_cm":3490,"minecraft:play_time":46954,"minecraft:sneak_time":1245,"minecraft:walk_under_water_one_cm":2638,"minecraft:jump":1356,"minecraft:walk_on_water_one_cm":9003,"minecraft:interact_with_smoker":1,"minecraft:total_world_time":46954,"minecraft:fall_one_cm":39912},"minecraft:used":{"minecraft:stone_pickaxe":75,"minecraft:wooden_pickaxe":21,"minecraft:iron_sword":16,"minecraft:blue_bed":1,"minecraft:torch":11,"minecraft:dirt":1,"minecraft:crafting_table":5,"supplementaries:bomb":1,"minecraft:carrot":1,"minecraft:oak_log":2,"minecraft:apple":1,"minecraft:iron_axe":1,"minecraft:bread":31,"minecraft:iron_pickaxe":27,"minecraft:stone_axe":50,"minecraft:cobblestone":2,"minecraft:furnace":2},"minecraft:mined":{"minecraft:tuff":1,"minecraft:deepslate_diamond_ore":1,"universal_ores:andesite_iron_ore":3,"minecraft:melon_stem":1,"farmersdelight:wild_carrots":1,"minecraft:crafting_table":1,"minecraft:torch":1,"minecraft:sculk_sensor":1,"minecraft:tall_grass":3,"farmersdelight:tomatoes":1,"minecraft:deepslate_gold_ore":4,"minecraft:cartography_table":1,"minecraft:sugar_cane":2,"minecraft:blue_bed":1,"supplementaries:urn":13,"minecraft:hay_block":32,"witcher_rpg:deepslate_silver_ore":1,"minecraft:furnace":2,"minecraft:carrots":10,"minecraft:birch_log":1,"minecraft:iron_ore":26,"minecraft:wheat":37,"minecraft:acacia_wood":2,"minecraft:andesite":1,"minecraft:deepslate_lapis_ore":3,"minecraft:grass":33,"minecraft:oak_log":6,"minecraft:bookshelf":25,"minecraft:potatoes":10,"minecraft:coal_ore":27,"minecraft:deepslate_iron_ore":6,"minecraft:dirt_path":1,"minecraft:beetroots":4,"minecraft:gravel":1,"minecraft:stone":34,"universal_ores:tuff_iron_ore":3,"minecraft:deepslate":1},"minecraft:picked_up":{"minecraft:birch_log":1,"minecraft:crafting_table":1,"magistuarmory:rustedhalfarmor_chestplate":3,"minecraft:andesite":2,"minecraft:wooden_pickaxe":3,"minecraft:acacia_wood":2,"minecraft:potato":10,"minecraft:tuff":1,"minecraft:oak_log":37,"minecraft:lapis_lazuli":14,"minecraft:string":3,"minecraft:blue_bed":1,"minecraft:dirt":1,"artifacts:flippers":1,"wizards:wand_novice":1,"minecraft:bone":10,"minecraft:apple":1,"supplementaries:bomb":4,"minecraft:gold_nugget":19,"minecraft:wheat_seeds":53,"minecraft:cartography_table":1,"minecraft:raw_gold":4,"minecraft:stone_pickaxe":1,"minecraft:sugar_cane":2,"minecraft:furnace":2,"minecraft:book":75,"minecraft:stick":13,"minecraft:raw_iron":56,"minecraft:torch":12,"minecraft:gravel":1,"farmersdelight:tomato_seeds":1,"minecraft:carrot":11,"minecraft:spider_eye":3,"minecraft:rotten_flesh":2,"minecraft:diamond":1,"minecraft:beetroot_seeds":4,"supplementaries:antique_ink":4,"minecraft:hay_block":32,"minecraft:emerald":2,"supplementaries:ash":29,"minecraft:oak_sapling":6,"minecraft:melon_seeds":1,"minecraft:coal":38,"minecraft:cobblestone":34},"minecraft:killed":{"jaizmobs:totem_spirit":1,"minecraft:spider":2,"minecraft:skeleton":1,"minecraft:zombie":2,"artifacts:mimic":1},"minecraft:dropped":{"minecraft:gravel":1,"minecraft:stone_axe":1,"minecraft:acacia_wood":2,"minecraft:wheat_seeds":53,"minecraft:tuff":1,"magistuarmory:rustedhalfarmor_chestplate":3,"wizards:wand_novice":1,"supplementaries:antique_ink":2,"supplementaries:ash":29,"minecraft:andesite":2,"minecraft:oak_sapling":6,"minecraft:map":2,"minecraft:spider_eye":3,"minecraft:stone_pickaxe":2,"minecraft:wooden_pickaxe":5,"minecraft:string":3,"minecraft:birch_log":1}},"DataVersion":3465}