{"stats":{"minecraft:custom":{"minecraft:time_since_rest":15112,"minecraft:sprint_one_cm":69570,"minecraft:damage_taken":277,"minecraft:walk_one_cm":28150,"minecraft:mob_kills":1,"minecraft:drop":8,"minecraft:damage_dealt":312,"minecraft:swim_one_cm":12024,"minecraft:interact_with_crafting_table":3,"minecraft:fly_one_cm":123382,"minecraft:open_chest":3,"minecraft:play_time":15112,"minecraft:crouch_one_cm":128,"minecraft:walk_under_water_one_cm":631,"minecraft:sneak_time":173,"minecraft:damage_dealt_resisted":55,"minecraft:jump":522,"minecraft:leave_game":2,"minecraft:time_since_death":15112,"minecraft:walk_on_water_one_cm":1205,"minecraft:climb_one_cm":1734,"minecraft:total_world_time":15112,"minecraft:hex":0,"minecraft:fall_one_cm":15080},"minecraft:picked_up":{"minecraft:book":75,"minecraft:stick":13,"minecraft:potato":10,"minecraft:oak_log":37,"minecraft:carrot":11,"minecraft:blue_bed":1,"minecraft:dirt":1,"wizards:wand_novice":1,"minecraft:apple":1,"minecraft:beetroot_seeds":4,"minecraft:wheat_seeds":44,"minecraft:hay_block":32,"minecraft:oak_sapling":6,"minecraft:cobblestone":13},"minecraft:killed":{"minecraft:zombie":1},"minecraft:used":{"minecraft:apple":1,"minecraft:bread":5,"minecraft:wooden_pickaxe":14,"minecraft:stone_axe":34,"minecraft:dirt":1,"minecraft:crafting_table":2,"minecraft:carrot":1},"minecraft:crafted":{"minecraft:oak_planks":24,"minecraft:crafting_table":2,"minecraft:stick":4,"minecraft:wooden_pickaxe":1,"minecraft:stone_axe":1,"minecraft:bread":96,"minecraft:wheat":288},"minecraft:mined":{"minecraft:hay_block":32,"minecraft:carrots":10,"minecraft:wheat":29,"farmersdelight:wild_carrots":1,"minecraft:grass":33,"minecraft:bookshelf":25,"minecraft:potatoes":10,"minecraft:oak_log":6,"minecraft:beetroots":4,"minecraft:dirt_path":1,"minecraft:tall_grass":3,"minecraft:stone":13,"minecraft:blue_bed":1},"minecraft:dropped":{"minecraft:wheat_seeds":44,"minecraft:oak_sapling":6,"wizards:wand_novice":1}},"DataVersion":3465}