{"stats":{"minecraft:custom":{"minecraft:time_since_rest":8688,"minecraft:sprint_one_cm":30038,"minecraft:damage_taken":20,"minecraft:walk_one_cm":17219,"minecraft:drop":8,"minecraft:interact_with_crafting_table":2,"minecraft:fly_one_cm":65502,"minecraft:open_chest":3,"minecraft:play_time":8688,"minecraft:crouch_one_cm":128,"minecraft:sneak_time":173,"minecraft:jump":249,"minecraft:leave_game":2,"minecraft:time_since_death":8688,"minecraft:walk_on_water_one_cm":194,"minecraft:climb_one_cm":1545,"minecraft:total_world_time":8688,"minecraft:hex":0,"minecraft:fall_one_cm":8226},"minecraft:picked_up":{"minecraft:book":75,"minecraft:stick":13,"minecraft:potato":10,"minecraft:oak_log":37,"minecraft:carrot":11,"minecraft:blue_bed":1,"minecraft:dirt":1,"wizards:wand_novice":1,"minecraft:apple":1,"minecraft:beetroot_seeds":4,"minecraft:wheat_seeds":44,"minecraft:hay_block":32,"minecraft:oak_sapling":6,"minecraft:cobblestone":13},"minecraft:used":{"minecraft:apple":1,"minecraft:wooden_pickaxe":14,"minecraft:stone_axe":27,"minecraft:dirt":1,"minecraft:crafting_table":1,"minecraft:carrot":1},"minecraft:crafted":{"minecraft:oak_planks":24,"minecraft:crafting_table":1,"minecraft:stick":4,"minecraft:wooden_pickaxe":1,"minecraft:stone_axe":1},"minecraft:mined":{"minecraft:hay_block":32,"minecraft:carrots":10,"minecraft:wheat":29,"farmersdelight:wild_carrots":1,"minecraft:grass":33,"minecraft:bookshelf":25,"minecraft:potatoes":10,"minecraft:oak_log":6,"minecraft:beetroots":4,"minecraft:dirt_path":1,"minecraft:tall_grass":3,"minecraft:stone":13,"minecraft:blue_bed":1},"minecraft:dropped":{"minecraft:wheat_seeds":44,"minecraft:oak_sapling":6,"wizards:wand_novice":1}},"DataVersion":3465}