{"stats":{"minecraft:crafted":{"minecraft:oak_planks":88,"minecraft:furnace":2,"minecraft:iron_boots":1,"minecraft:iron_axe":1,"minecraft:iron_hoe":1,"minecraft:stone_pickaxe":1,"minecraft:wheat":288,"minecraft:crafting_table":5,"minecraft:wooden_pickaxe":2,"minecraft:iron_helmet":1,"minecraft:iron_sword":1,"minecraft:stone_axe":1,"minecraft:bread":96,"minecraft:air":0,"minecraft:stick":8,"minecraft:iron_ingot":26,"minecraft:iron_pickaxe":1,"minecraft:torch":24},"minecraft:custom":{"minecraft:mob_kills":21,"minecraft:interact_with_crafting_table":20,"minecraft:open_barrel":27,"minecraft:damage_dealt_resisted":55,"minecraft:leave_game":3,"minecraft:time_since_death":70954,"minecraft:climb_one_cm":1734,"minecraft:sprint_one_cm":231979,"minecraft:walk_one_cm":144643,"minecraft:drop":36,"minecraft:damage_dealt_absorbed":80,"minecraft:play_time":70954,"minecraft:sneak_time":10675,"minecraft:walk_under_water_one_cm":8124,"minecraft:jump":1960,"minecraft:walk_on_water_one_cm":14783,"minecraft:total_world_time":70954,"minecraft:interact_with_furnace":16,"minecraft:interact_with_grindstone":1,"minecraft:sleep_in_bed":1,"minecraft:hex":0,"minecraft:time_since_rest":53951,"minecraft:waystone_activated":1,"minecraft:damage_taken":2081,"minecraft:damage_dealt":5930,"minecraft:swim_one_cm":45506,"minecraft:fly_one_cm":381597,"minecraft:open_chest":29,"minecraft:crouch_one_cm":47551,"minecraft:interact_with_smoker":1,"minecraft:fall_one_cm":65232},"minecraft:used":{"minecraft:iron_sword":86,"minecraft:torch":12,"minecraft:dirt":1,"minecraft:carrot":1,"minecraft:iron_hoe":29,"minecraft:iron_axe":4,"minecraft:furnace":2,"minecraft:cobbled_deepslate":9,"minecraft:stone_pickaxe":75,"minecraft:wooden_pickaxe":21,"minecraft:blue_bed":1,"minecraft:crafting_table":6,"supplementaries:bomb":1,"minecraft:oak_log":2,"minecraft:apple":1,"minecraft:bread":38,"minecraft:iron_pickaxe":68,"minecraft:stone_axe":50,"minecraft:cobblestone":2},"minecraft:mined":{"minecraft:tuff":1,"minecraft:deepslate_diamond_ore":7,"universal_ores:andesite_iron_ore":3,"minecraft:sculk_vein":4,"farmersdelight:wild_carrots":1,"farmersdelight:tomatoes":1,"minecraft:cartography_table":1,"minecraft:hay_block":32,"minecraft:sculk_catalyst":6,"minecraft:furnace":2,"minecraft:carrots":10,"minecraft:iron_ore":26,"minecraft:acacia_wood":2,"minecraft:andesite":1,"minecraft:deepslate_lapis_ore":3,"minecraft:sculk_shrieker":5,"soulsweapons:moonstone_ore_deepslate":1,"minecraft:bookshelf":25,"minecraft:potatoes":10,"minecraft:deepslate_iron_ore":9,"minecraft:dirt_path":1,"minecraft:stone":34,"minecraft:smithing_table":2,"minecraft:melon_stem":1,"minecraft:smoker":3,"minecraft:crafting_table":2,"minecraft:torch":1,"minecraft:sculk_sensor":14,"minecraft:tall_grass":3,"minecraft:deepslate_gold_ore":10,"minecraft:cyan_bed":1,"minecraft:sugar_cane":2,"minecraft:sculk":9,"minecraft:blue_bed":1,"supplementaries:urn":13,"witcher_rpg:deepslate_silver_ore":2,"jewelry:deepslate_gem_vein":2,"minecraft:birch_log":1,"minecraft:wheat":37,"minecraft:grass":33,"minecraft:coal_ore":27,"minecraft:oak_log":6,"minecraft:beetroots":4,"minecraft:gravel":1,"universal_ores:tuff_iron_ore":3,"minecraft:deepslate":12},"minecraft:picked_up":{"minecraft:crafting_table":2,"artifacts:night_vision_goggles":1,"minecraft:smithing_table":2,"minecraft:wooden_pickaxe":3,"soulsweapons:moonstone":1,"minecraft:string":3,"supplementaries:bomb":4,"minecraft:cartography_table":1,"minecraft:gold_nugget":19,"minecraft:cobbled_deepslate":10,"minecraft:sugar_cane":2,"minecraft:furnace":2,"minecraft:raw_iron":58,"minecraft:stick":13,"minecraft:torch":12,"artifacts:vampiric_glove":1,"farmersdelight:tomato_seeds":1,"minecraft:carrot":11,"minecraft:rotten_flesh":6,"minecraft:arrow":1,"jewelry:ruby":1,"minecraft:beetroot_seeds":4,"minecraft:hay_block":32,"supplementaries:antique_ink":4,"supplementaries:ash":29,"minecraft:cobblestone":34,"minecraft:birch_log":1,"magistuarmory:rustedhalfarmor_chestplate":3,"artifacts:digging_claws":1,"minecraft:andesite":2,"minecraft:smoker":3,"minecraft:acacia_wood":2,"minecraft:potato":10,"minecraft:tuff":1,"minecraft:oak_log":37,"minecraft:dirt":1,"minecraft:lapis_lazuli":14,"minecraft:blue_bed":1,"artifacts:flippers":1,"jewelry:tanzanite":1,"wizards:wand_novice":1,"minecraft:bone":12,"minecraft:apple":1,"minecraft:wheat_seeds":53,"minecraft:raw_gold":9,"minecraft:stone_pickaxe":1,"minecraft:book":75,"minecraft:gravel":1,"minecraft:cyan_bed":1,"magistuarmory:rustedgreathelm":1,"minecraft:spider_eye":3,"minecraft:diamond":7,"minecraft:emerald":2,"minecraft:oak_sapling":6,"minecraft:melon_seeds":1,"minecraft:coal":38},"minecraft:killed":{"minecraft:spider":2,"minecraft:skeleton":3,"mythicmobs:chupacabra":1,"artifacts:mimic":4,"jaizmobs:totem_spirit":1,"minecraft:zombie":9},"minecraft:dropped":{"minecraft:acacia_wood":2,"minecraft:wheat_seeds":53,"minecraft:map":2,"minecraft:string":3,"minecraft:birch_log":1,"minecraft:gravel":1,"minecraft:stone_axe":1,"minecraft:tuff":1,"magistuarmory:rustedhalfarmor_chestplate":3,"wizards:wand_novice":1,"supplementaries:antique_ink":2,"supplementaries:ash":29,"minecraft:andesite":2,"minecraft:oak_sapling":6,"minecraft:spider_eye":3,"minecraft:stone_pickaxe":2,"minecraft:wooden_pickaxe":5}},"DataVersion":3465}