{"stats":{"minecraft:crafted":{"minecraft:oak_planks":88,"minecraft:furnace":2,"minecraft:iron_boots":1,"minecraft:iron_axe":1,"minecraft:iron_hoe":1,"minecraft:stone_pickaxe":1,"soulsweapons:moonstone_pickaxe":1,"minecraft:wheat":288,"minecraft:crafting_table":5,"minecraft:wooden_pickaxe":2,"minecraft:iron_helmet":1,"minecraft:iron_sword":1,"minecraft:stone_axe":1,"minecraft:bread":96,"minecraft:air":0,"minecraft:stick":12,"minecraft:iron_ingot":26,"minecraft:iron_pickaxe":1,"minecraft:torch":24},"minecraft:custom":{"minecraft:mob_kills":43,"minecraft:interact_with_crafting_table":22,"minecraft:open_barrel":35,"minecraft:damage_dealt_resisted":55,"minecraft:leave_game":3,"minecraft:time_since_death":100954,"minecraft:climb_one_cm":1734,"minecraft:sprint_one_cm":356793,"minecraft:walk_one_cm":218606,"minecraft:drop":39,"minecraft:damage_dealt_absorbed":100,"minecraft:play_time":100954,"minecraft:sneak_time":11477,"minecraft:walk_under_water_one_cm":25659,"minecraft:jump":2923,"minecraft:walk_on_water_one_cm":27494,"minecraft:total_world_time":100954,"minecraft:interact_with_furnace":16,"minecraft:interact_with_cartography_table":1,"minecraft:interact_with_grindstone":1,"minecraft:sleep_in_bed":1,"minecraft:hex":0,"minecraft:time_since_rest":83951,"minecraft:waystone_activated":1,"minecraft:damage_taken":3662,"minecraft:damage_dealt":10822,"minecraft:swim_one_cm":77897,"minecraft:fly_one_cm":577047,"minecraft:open_chest":31,"minecraft:crouch_one_cm":50696,"minecraft:interact_with_smoker":1,"minecraft:fall_one_cm":90642},"minecraft:used":{"minecraft:iron_sword":175,"minecraft:torch":16,"minecraft:dirt":1,"minecraft:carrot":1,"minecraft:iron_hoe":75,"minecraft:iron_axe":4,"minecraft:furnace":2,"minecraft:cobbled_deepslate":12,"minecraft:stone_pickaxe":75,"minecraft:wooden_pickaxe":21,"soulsweapons:moonstone_pickaxe":92,"minecraft:blue_bed":1,"minecraft:crafting_table":7,"supplementaries:bomb":1,"minecraft:oak_log":2,"minecraft:apple":1,"minecraft:bread":60,"minecraft:iron_pickaxe":192,"minecraft:stone_axe":50,"minecraft:cobblestone":2},"minecraft:mined":{"minecraft:diamond_ore":3,"minecraft:tuff":3,"minecraft:deepslate_diamond_ore":22,"universal_ores:andesite_iron_ore":6,"minecraft:sculk_vein":6,"farmersdelight:wild_carrots":1,"farmersdelight:tomatoes":1,"minecraft:cartography_table":1,"minecraft:hay_block":32,"minecraft:sculk_catalyst":7,"minecraft:furnace":2,"minecraft:carrots":10,"minecraft:iron_ore":43,"minecraft:acacia_wood":2,"minecraft:andesite":1,"minecraft:deepslate_lapis_ore":25,"minecraft:sculk_shrieker":5,"soulsweapons:moonstone_ore_deepslate":13,"minecraft:bookshelf":25,"minecraft:potatoes":10,"minecraft:deepslate_iron_ore":28,"minecraft:dirt_path":1,"minecraft:stone":43,"universal_ores:diorite_iron_ore":1,"minecraft:smithing_table":2,"soulsweapons:verglas_ore_deepslate":5,"minecraft:melon_stem":1,"minecraft:smoker":3,"minecraft:crafting_table":2,"minecraft:torch":1,"minecraft:blast_furnace":1,"universal_ores:diorite_gold_ore":4,"minecraft:sculk_sensor":19,"minecraft:tall_grass":3,"minecraft:deepslate_gold_ore":30,"minecraft:cyan_bed":1,"minecraft:sugar_cane":2,"minecraft:sculk":65,"minecraft:diorite":1,"minecraft:blue_bed":1,"supplementaries:urn":25,"witcher_rpg:deepslate_silver_ore":5,"jewelry:deepslate_gem_vein":7,"minecraft:birch_log":1,"minecraft:wheat":37,"minecraft:grass":33,"minecraft:coal_ore":27,"minecraft:oak_log":6,"minecraft:beetroots":4,"minecraft:gravel":1,"minecraft:gold_ore":2,"universal_ores:tuff_iron_ore":3,"minecraft:deepslate":63,"soulsweapons:verglas_ore":3},"minecraft:picked_up":{"minecraft:crafting_table":2,"artifacts:night_vision_goggles":1,"jewelry:citrine":1,"minecraft:smithing_table":2,"minecraft:wooden_pickaxe":3,"soulsweapons:moonstone":13,"minecraft:string":3,"travelersbackpack:creeper":1,"supplementaries:bomb":4,"minecraft:cartography_table":1,"minecraft:gold_nugget":19,"minecraft:cobbled_deepslate":60,"minecraft:iron_nugget":24,"minecraft:sugar_cane":2,"minecraft:furnace":2,"minecraft:raw_iron":97,"minecraft:stick":13,"minecraft:torch":18,"artifacts:vampiric_glove":1,"farmersdelight:tomato_seeds":1,"minecraft:carrot":11,"artifacts:cowboy_hat":1,"minecraft:rotten_flesh":22,"minecraft:arrow":4,"jewelry:ruby":3,"minecraft:beetroot_seeds":4,"minecraft:hay_block":32,"supplementaries:antique_ink":5,"supplementaries:ash":46,"minecraft:cobblestone":34,"minecraft:birch_log":1,"magistuarmory:rustedhalfarmor_chestplate":3,"artifacts:digging_claws":1,"minecraft:andesite":2,"minecraft:smoker":3,"minecraft:acacia_wood":2,"minecraft:potato":10,"minecraft:flint":1,"minecraft:tuff":3,"minecraft:oak_log":37,"supplementaries:flax_seeds":1,"minecraft:dirt":1,"minecraft:lapis_lazuli":162,"minecraft:blue_bed":1,"artifacts:flippers":1,"jewelry:tanzanite":2,"wizards:wand_novice":1,"minecraft:bone":26,"minecraft:apple":1,"minecraft:wheat_seeds":53,"minecraft:raw_gold":35,"jewelry:sapphire":1,"minecraft:stone_pickaxe":1,"minecraft:book":75,"minecraft:gravel":1,"minecraft:blast_furnace":1,"minecraft:cyan_bed":1,"magistuarmory:rustedgreathelm":2,"minecraft:spider_eye":3,"witcher_rpg:raw_silver":4,"minecraft:diamond":25,"minecraft:stone_axe":1,"soulsweapons:verglas":6,"minecraft:emerald":8,"minecraft:oak_sapling":6,"minecraft:melon_seeds":1,"minecraft:coal":38},"minecraft:killed":{"minecraft:spider":6,"minecraft:skeleton":7,"mythicmobs:chupacabra":1,"artifacts:mimic":5,"jaizmobs:totem_spirit":2,"minecraft:zombie":21},"minecraft:dropped":{"minecraft:acacia_wood":2,"minecraft:wheat_seeds":53,"magistuarmory:rustedgreathelm":2,"minecraft:map":2,"minecraft:string":3,"minecraft:birch_log":1,"minecraft:gravel":1,"minecraft:stone_axe":1,"minecraft:tuff":3,"magistuarmory:rustedhalfarmor_chestplate":3,"wizards:wand_novice":1,"supplementaries:antique_ink":2,"supplementaries:ash":29,"minecraft:andesite":2,"minecraft:oak_sapling":6,"minecraft:spider_eye":3,"minecraft:stone_pickaxe":2,"minecraft:wooden_pickaxe":5}},"DataVersion":3465}