{"stats":{"minecraft:custom":{"minecraft:time_since_rest":10109,"minecraft:waystone_activated":1,"minecraft:sprint_one_cm":127904,"minecraft:damage_taken":926,"minecraft:walk_one_cm":53246,"minecraft:mob_kills":2,"minecraft:drop":9,"minecraft:damage_dealt":593,"minecraft:swim_one_cm":38852,"minecraft:interact_with_crafting_table":4,"minecraft:fly_one_cm":221311,"minecraft:open_barrel":4,"minecraft:open_chest":22,"minecraft:play_time":27112,"minecraft:crouch_one_cm":352,"minecraft:walk_under_water_one_cm":1537,"minecraft:sneak_time":220,"minecraft:damage_dealt_resisted":55,"minecraft:jump":905,"minecraft:interact_with_grindstone":1,"minecraft:leave_game":2,"minecraft:time_since_death":27112,"minecraft:walk_on_water_one_cm":3742,"minecraft:interact_with_smoker":1,"minecraft:sleep_in_bed":1,"minecraft:climb_one_cm":1734,"minecraft:total_world_time":27112,"minecraft:hex":0,"minecraft:fall_one_cm":29414},"minecraft:picked_up":{"minecraft:book":75,"minecraft:birch_log":1,"minecraft:stick":13,"minecraft:torch":2,"minecraft:acacia_wood":2,"minecraft:potato":10,"farmersdelight:tomato_seeds":1,"minecraft:oak_log":37,"minecraft:carrot":11,"minecraft:blue_bed":1,"minecraft:dirt":1,"wizards:wand_novice":1,"minecraft:rotten_flesh":2,"minecraft:apple":1,"minecraft:beetroot_seeds":4,"minecraft:wheat_seeds":53,"minecraft:cartography_table":1,"minecraft:hay_block":32,"minecraft:oak_sapling":6,"minecraft:melon_seeds":1,"minecraft:sugar_cane":2,"minecraft:cobblestone":13},"minecraft:killed":{"minecraft:zombie":2},"minecraft:used":{"minecraft:oak_log":2,"minecraft:apple":1,"minecraft:bread":19,"minecraft:wooden_pickaxe":14,"minecraft:blue_bed":1,"minecraft:torch":2,"minecraft:stone_axe":45,"minecraft:dirt":1,"minecraft:crafting_table":3,"minecraft:carrot":1},"minecraft:crafted":{"minecraft:oak_planks":24,"minecraft:crafting_table":3,"minecraft:stick":4,"minecraft:wooden_pickaxe":1,"minecraft:stone_axe":1,"minecraft:bread":96,"minecraft:wheat":288},"minecraft:mined":{"minecraft:hay_block":32,"minecraft:carrots":10,"minecraft:melon_stem":1,"minecraft:birch_log":1,"minecraft:wheat":37,"minecraft:acacia_wood":2,"farmersdelight:wild_carrots":1,"minecraft:grass":33,"minecraft:bookshelf":25,"minecraft:potatoes":10,"minecraft:oak_log":6,"minecraft:beetroots":4,"minecraft:dirt_path":1,"farmersdelight:tomatoes":1,"minecraft:tall_grass":3,"minecraft:cartography_table":1,"minecraft:stone":13,"minecraft:sugar_cane":2,"minecraft:blue_bed":1},"minecraft:dropped":{"minecraft:wheat_seeds":53,"minecraft:oak_sapling":6,"wizards:wand_novice":1}},"DataVersion":3465}