{"stats":{"minecraft:broken":{"minecraft:golden_chestplate":1},"minecraft:crafted":{"minecraft:oak_planks":88,"minecraft:furnace":2,"minecraft:iron_boots":1,"minecraft:iron_axe":1,"minecraft:iron_hoe":1,"minecraft:stone_pickaxe":1,"soulsweapons:moonstone_pickaxe":1,"minecraft:wheat":288,"minecraft:crafting_table":5,"minecraft:wooden_pickaxe":2,"minecraft:iron_helmet":1,"minecraft:iron_sword":1,"minecraft:stone_axe":1,"minecraft:bread":96,"minecraft:air":0,"minecraft:stick":12,"minecraft:iron_ingot":26,"minecraft:iron_pickaxe":1,"minecraft:torch":24},"minecraft:custom":{"minecraft:mob_kills":71,"minecraft:interact_with_crafting_table":22,"minecraft:open_barrel":55,"minecraft:damage_dealt_resisted":55,"minecraft:leave_game":4,"minecraft:time_since_death":3388,"minecraft:climb_one_cm":7591,"minecraft:sprint_one_cm":905928,"minecraft:walk_one_cm":357169,"minecraft:drop":70,"minecraft:damage_dealt_absorbed":100,"minecraft:talked_to_villager":1,"minecraft:deaths":2,"minecraft:play_time":192264,"minecraft:sneak_time":13285,"minecraft:walk_under_water_one_cm":42324,"minecraft:jump":6337,"minecraft:walk_on_water_one_cm":42359,"minecraft:total_world_time":192264,"minecraft:interact_with_furnace":16,"minecraft:interact_with_cartography_table":1,"minecraft:interact_with_grindstone":1,"minecraft:sleep_in_bed":1,"minecraft:hex":0,"minecraft:time_since_rest":3419,"minecraft:waystone_activated":3,"minecraft:damage_taken":6338,"minecraft:damage_dealt":15617,"minecraft:swim_one_cm":187504,"minecraft:fly_one_cm":1408888,"minecraft:open_chest":83,"minecraft:crouch_one_cm":56860,"minecraft:interact_with_smoker":1,"minecraft:fall_one_cm":192616},"minecraft:used":{"spellbladenext:crystal_cutlass":22,"minecraft:iron_sword":239,"minecraft:torch":18,"minecraft:dirt":1,"minecraft:mutton":8,"minecraft:carrot":2,"minecraft:iron_hoe":75,"minecraft:lantern":1,"minecraft:iron_axe":16,"minecraft:furnace":2,"minecraft:potato":2,"minecraft:cobbled_deepslate":33,"minecraft:stone_pickaxe":75,"minecraft:wooden_pickaxe":21,"soulsweapons:moonstone_pickaxe":477,"minecraft:blue_bed":1,"naturalist:duck_egg":1,"minecraft:white_wool":2,"minecraft:crafting_table":7,"supplementaries:bomb":1,"minecraft:dripstone_block":1,"minecraft:oak_log":2,"waystones:waystone":1,"minecraft:apple":1,"minecraft:bread":109,"minecraft:iron_pickaxe":192,"minecraft:stone_axe":50,"minecraft:cobblestone":8,"minecraft:bucket":1,"minecraft:sea_pickle":1},"minecraft:killed_by":{"endermanoverhaul:cave_enderman":1,"mythicmobs:chupacabra":1},"minecraft:mined":{"minecraft:diamond_ore":3,"minecraft:tuff":15,"minecraft:deepslate_diamond_ore":32,"universal_ores:andesite_iron_ore":6,"minecraft:andesite_stairs":1,"minecraft:sculk_vein":6,"farmersdelight:wild_carrots":2,"minecraft:granite":2,"minecraft:budding_amethyst":6,"minecraft:grass_block":2,"farmersdelight:tomatoes":1,"farmersdelight:wild_cabbages":1,"minecraft:spruce_leaves":1,"minecraft:cartography_table":1,"minecraft:hay_block":70,"farmersdelight:wild_onions":1,"minecraft:mossy_cobblestone_slab":1,"minecraft:sculk_catalyst":7,"minecraft:furnace":2,"minecraft:carrots":10,"minecraft:iron_ore":45,"minecraft:cobbled_deepslate":5,"minecraft:barrel":5,"minecraft:snow":4,"minecraft:acacia_wood":2,"minecraft:andesite":1,"minecraft:deepslate_lapis_ore":25,"minecraft:sculk_shrieker":5,"soulsweapons:moonstone_ore_deepslate":13,"minecraft:bookshelf":31,"minecraft:potatoes":10,"minecraft:deepslate_iron_ore":28,"minecraft:dirt_path":1,"minecraft:stone":105,"universal_ores:diorite_iron_ore":1,"minecraft:smithing_table":2,"soulsweapons:verglas_ore_deepslate":5,"minecraft:melon_stem":1,"minecraft:snow_block":2,"minecraft:smoker":3,"minecraft:oak_fence":1,"minecraft:crafting_table":2,"minecraft:torch":1,"minecraft:calcite":1,"minecraft:blast_furnace":1,"minecraft:polished_andesite_stairs":1,"universal_ores:diorite_gold_ore":4,"minecraft:sculk_sensor":19,"minecraft:tall_grass":5,"witcher_rpg:meteorite_ore":4,"minecraft:cyan_bed":1,"minecraft:deepslate_gold_ore":30,"minecraft:sugar_cane":2,"minecraft:sculk":65,"minecraft:diorite":1,"minecraft:blue_bed":1,"minecraft:amethyst_block":205,"supplementaries:urn":25,"minecraft:stone_stairs":1,"witcher_rpg:deepslate_silver_ore":5,"jewelry:deepslate_gem_vein":8,"minecraft:birch_log":1,"minecraft:wheat":37,"minecraft:spruce_log":1,"minecraft:stone_brick_stairs":1,"minecraft:smooth_stone_slab":1,"minecraft:grass":47,"minecraft:oak_log":6,"minecraft:coal_ore":27,"minecraft:beetroots":4,"minecraft:cocoa":1,"minecraft:dirt":1,"minecraft:gravel":5,"minecraft:smooth_basalt":1,"minecraft:mossy_stone_bricks":1,"universal_ores:tuff_iron_ore":3,"minecraft:gold_ore":2,"minecraft:deepslate":122,"soulsweapons:verglas_ore":5},"minecraft:picked_up":{"minecraft:cocoa_beans":6,"minecraft:crafting_table":2,"minecraft:wheat":11,"artifacts:night_vision_goggles":1,"minecraft:smithing_table":2,"jewelry:citrine":1,"minecraft:wooden_pickaxe":3,"soulsweapons:moonstone":13,"minecraft:stone_brick_stairs":1,"minecraft:amethyst_block":192,"minecraft:string":3,"travelersbackpack:creeper":1,"minecraft:sea_pickle":2,"supplementaries:bomb":4,"minecraft:cartography_table":1,"minecraft:gold_nugget":19,"minecraft:cobbled_deepslate":186,"minecraft:beef":9,"minecraft:iron_nugget":24,"minecraft:light_gray_wool":1,"minecraft:sugar_cane":2,"farmersdelight:cabbage_seeds":1,"minecraft:furnace":2,"minecraft:stick":13,"minecraft:raw_iron":99,"witcher_rpg:meteorite":4,"minecraft:torch":18,"artifacts:vampiric_glove":1,"farmersdelight:tomato_seeds":1,"minecraft:carrot":12,"minecraft:rotten_flesh":22,"minecraft:arrow":6,"artifacts:cowboy_hat":1,"jewelry:ruby":3,"artifacts:villager_hat":2,"minecraft:beetroot_seeds":4,"farmersdelight:onion":1,"minecraft:hay_block":69,"supplementaries:antique_ink":5,"minecraft:saddle":1,"minecraft:gold_ingot":1,"supplementaries:ash":46,"minecraft:mutton":8,"minecraft:white_wool":3,"minecraft:cobblestone":93,"minecraft:birch_log":1,"minecraft:mossy_cobblestone_slab":1,"magistuarmory:rustedhalfarmor_chestplate":3,"artifacts:digging_claws":1,"minecraft:water_bucket":1,"minecraft:andesite":2,"minecraft:leather":5,"minecraft:smoker":3,"minecraft:acacia_wood":2,"minecraft:potato":10,"minecraft:flint":1,"minecraft:tuff":15,"minecraft:oak_log":37,"supplementaries:flax_seeds":1,"minecraft:lantern":1,"farmersdelight:tomato":1,"minecraft:blue_bed":1,"minecraft:lapis_lazuli":162,"minecraft:dirt":4,"artifacts:flippers":1,"jewelry:tanzanite":2,"wizards:wand_novice":1,"minecraft:bone":27,"majruszsaccessories:miner_guide":1,"minecraft:apple":15,"minecraft:wheat_seeds":56,"minecraft:raw_gold":35,"jewelry:sapphire":2,"minecraft:stone_pickaxe":1,"minecraft:book":93,"minecraft:dripstone_block":1,"minecraft:gravel":5,"minecraft:blast_furnace":1,"minecraft:cyan_bed":1,"naturalist:duck_egg":1,"magistuarmory:rustedgreathelm":2,"minecraft:barrel":5,"minecraft:spider_eye":3,"witcher_rpg:raw_silver":4,"minecraft:diamond":35,"minecraft:stone_axe":1,"waystones:waystone":1,"minecraft:gray_wool":1,"soulsweapons:verglas":8,"minecraft:emerald":8,"minecraft:oak_sapling":6,"minecraft:melon_seeds":1,"minecraft:coal":38},"minecraft:killed":{"minecraft:spider":6,"minecraft:skeleton":9,"minecraft:drowned":2,"mythicmobs:chupacabra":1,"artifacts:mimic":5,"jaizmobs:totem_spirit":2,"minecraft:sheep":5,"minecraft:zombie":35,"minecraft:cow":5},"minecraft:dropped":{"minecraft:acacia_wood":2,"minecraft:wheat_seeds":56,"minecraft:cobblestone":53,"magistuarmory:rustedgreathelm":2,"minecraft:stick":3,"minecraft:flint":1,"minecraft:dirt":2,"minecraft:gray_wool":1,"minecraft:mossy_cobblestone_slab":1,"witcher_rpg:meteorite":4,"minecraft:map":2,"witcher_rpg:raw_silver":4,"minecraft:string":3,"minecraft:birch_log":1,"tctimod:cursed_citrine_belt":1,"minecraft:gold_ingot":2,"minecraft:gravel":5,"minecraft:stone_axe":1,"minecraft:iron_nugget":24,"minecraft:cobbled_deepslate":128,"minecraft:tuff":3,"minecraft:wheat":11,"minecraft:rotten_flesh":11,"magistuarmory:rustedhalfarmor_chestplate":3,"minecraft:light_gray_wool":1,"minecraft:iron_hoe":1,"wizards:wand_novice":1,"supplementaries:antique_ink":5,"supplementaries:flax_seeds":1,"supplementaries:ash":29,"minecraft:sea_pickle":1,"minecraft:andesite":2,"minecraft:oak_sapling":6,"minecraft:spider_eye":3,"minecraft:raw_gold":5,"minecraft:arrow":2,"minecraft:beef":9,"minecraft:stone_pickaxe":2,"minecraft:wooden_pickaxe":5,"minecraft:stone_brick_stairs":1,"minecraft:cyan_bed":1}},"DataVersion":3465}