{"stats":{"minecraft:broken":{"minecraft:stone_axe":1},"minecraft:crafted":{"minecraft:oak_planks":116,"minecraft:smooth_stone":6,"magistuarmory:knight_boots":1,"minecraft:furnace":5,"minecraft:blast_furnace":2,"minecraft:stone":6,"minecraft:bone_meal":60,"magistuarmory:xivcenturyknight_chestplate":1,"minecraft:spruce_fence":21,"paladins:iron_great_hammer":1,"mcdw:shield_vanguard":1,"mcdw:sickle_nightmares_bite":1,"runes:healing_stone":30,"magistuarmory:steel_ingot":21,"mcdw:sickle_sickle":1,"minecraft:stone_pickaxe":1,"minecraft:chest":6,"mcdw:shield_royal_guard":1,"plentyofarmors:copper_boots":3,"magistuarmory:steel_ring":72,"plentyofarmors:copper_chestplate":3,"minecraft:stone_hoe":3,"minecraft:oak_fence":39,"magistuarmory:steel_plate":12,"minecraft:smoker":2,"magistuarmory:steel_nugget":36,"minecraft:crafting_table":2,"minecraft:spruce_planks":92,"minecraft:baked_potato":13,"minecraft:wooden_pickaxe":1,"magistuarmory:bascinet":1,"minecraft:copper_ingot":70,"minecraft:bucket":1,"minecraft:stone_axe":1,"minecraft:air":0,"plentyofarmors:copper_helmet":2,"minecraft:shield":2,"minecraft:stick":72,"plentyofarmors:copper_leggings":3,"minecraft:iron_ingot":55,"minecraft:iron_pickaxe":1,"minecraft:wooden_axe":2,"minecraft:stone_sword":1,"minecraft:gold_ingot":11,"magistuarmory:steel_chainmail":6,"magistuarmory:norman_helmet":1},"minecraft:custom":{"minecraft:mob_kills":6,"minecraft:interact_with_crafting_table":50,"minecraft:open_barrel":14,"minecraft:bell_ring":1,"minecraft:leave_game":1,"minecraft:time_since_death":87510,"minecraft:climb_one_cm":4006,"minecraft:sprint_one_cm":188260,"minecraft:walk_one_cm":231366,"minecraft:drop":13,"minecraft:talked_to_villager":6,"minecraft:play_time":89928,"minecraft:deaths":1,"minecraft:sneak_time":2607,"minecraft:walk_under_water_one_cm":583,"minecraft:jump":639,"minecraft:interact_with_blast_furnace":27,"minecraft:walk_on_water_one_cm":2133,"minecraft:total_world_time":89928,"minecraft:interact_with_furnace":97,"minecraft:sleep_in_bed":2,"minecraft:hex":0,"minecraft:time_since_rest":23120,"minecraft:damage_taken":461,"minecraft:damage_dealt":1084,"minecraft:swim_one_cm":6337,"minecraft:fly_one_cm":90822,"minecraft:open_chest":78,"minecraft:crouch_one_cm":4518,"minecraft:threat":1,"minecraft:interact_with_smoker":5,"minecraft:fall_one_cm":11635},"minecraft:used":{"minecraft:oak_fence":40,"minecraft:stone_sword":15,"minecraft:chest":9,"minecraft:spruce_planks":5,"mcdar:golem_kit":1,"minecraft:stone_hoe":128,"minecraft:torch":16,"minecraft:dirt":1,"plentyofarmors:copper_leggings":1,"minecraft:spruce_fence":1,"minecraft:wooden_axe":38,"minecraft:furnace":5,"paladins:priest_robe_legs":1,"minecraft:potato":112,"minecraft:water_bucket":4,"minecraft:stone_pickaxe":24,"minecraft:baked_potato":6,"minecraft:oak_planks":5,"minecraft:wooden_pickaxe":12,"minecraft:blue_bed":1,"minecraft:crafting_table":4,"minecraft:blast_furnace":3,"minecraft:spruce_log":14,"minecraft:smoker":2,"paladins:monk_workbench":2,"minecraft:apple":1,"minecraft:bread":7,"minecraft:iron_pickaxe":215,"paladins:iron_great_hammer":7,"minecraft:stone_axe":10,"minecraft:cobblestone":15,"travelersbackpack:standard":1,"minecraft:bucket":4,"minecraft:bone_meal":60},"minecraft:mined":{"minecraft:spruce_planks":6,"minecraft:candle_cake":1,"universal_ores:andesite_iron_ore":1,"universal_ores:granite_copper_ore":2,"minecraft:cobblestone_stairs":1,"minecraft:grass_block":17,"minecraft:furnace":4,"minecraft:iron_ore":46,"minecraft:stripped_spruce_log":8,"minecraft:fletching_table":1,"minecraft:peony":5,"minecraft:brown_bed":1,"minecraft:potatoes":29,"minecraft:deepslate_iron_ore":2,"minecraft:vine":2,"minecraft:lantern":1,"minecraft:stone":88,"minecraft:glass_pane":1,"travelersbackpack:standard":1,"minecraft:oak_fence":1,"minecraft:crafting_table":6,"minecraft:torch":1,"minecraft:blast_furnace":1,"minecraft:chest":4,"minecraft:copper_ore":40,"minecraft:tall_grass":2,"minecraft:cobblestone":2,"minecraft:lapis_ore":2,"minecraft:deepslate_gold_ore":4,"minecraft:wall_torch":3,"minecraft:blue_bed":1,"supplementaries:urn":7,"minecraft:spruce_stairs":2,"paladins:monk_workbench":2,"minecraft:spruce_log":11,"minecraft:grass":38,"minecraft:coal_ore":36,"minecraft:oak_log":3,"minecraft:gravel":2,"minecraft:dirt":7,"minecraft:deepslate":5,"minecraft:fern":10,"soulsweapons:verglas_ore":3},"minecraft:picked_up":{"minecraft:crafting_table":6,"plentyofarmors:copper_helmet":1,"minecraft:brown_bed":1,"minecraft:raw_copper":198,"supplementaries:bomb":1,"minecraft:activator_rail":3,"minecraft:detector_rail":7,"minecraft:gold_nugget":29,"minecraft:candle":1,"minecraft:cobbled_deepslate":4,"minecraft:spruce_planks":5,"mcdar:golem_kit":1,"minecraft:chest":4,"minecraft:furnace":4,"minecraft:stick":23,"minecraft:raw_iron":50,"minecraft:oak_fence":1,"minecraft:torch":25,"minecraft:spruce_stairs":2,"plentyofarmors:copper_boots":1,"paladins:monk_workbench":2,"minecraft:arrow":2,"minecraft:rotten_flesh":4,"minecraft:beetroot_seeds":3,"minecraft:peony":4,"minecraft:mutton":2,"minecraft:rail":33,"minecraft:white_wool":1,"minecraft:cobblestone":90,"minecraft:potato":117,"minecraft:oak_log":29,"supplementaries:flax_seeds":4,"minecraft:cobblestone_stairs":1,"minecraft:lapis_lazuli":15,"minecraft:blue_bed":1,"minecraft:dirt":24,"minecraft:lantern":1,"minecraft:bone":11,"minecraft:apple":1,"minecraft:wheat_seeds":4,"minecraft:raw_gold":4,"paladins:acolyte_wand":1,"minecraft:fletching_table":1,"minecraft:poisonous_potato":2,"plentyofarmors:copper_leggings":1,"minecraft:gravel":1,"minecraft:stripped_spruce_log":8,"minecraft:spruce_sapling":34,"minecraft:blast_furnace":1,"minecraft:spruce_log":43,"minecraft:spider_eye":4,"travelersbackpack:standard":1,"runes:frost_stone":1,"soulsweapons:verglas":3,"minecraft:oak_sapling":22,"minecraft:coal":63},"minecraft:killed":{"minecraft:spider":1,"minecraft:skeleton":1,"minecraft:zombie_villager":1,"minecraft:sheep":1,"minecraft:zombie":2},"minecraft:dropped":{"plentyofarmors:copper_boots":2,"minecraft:activator_rail":3,"minecraft:rail":33,"plentyofarmors:copper_helmet":2,"minecraft:bucket":1,"plentyofarmors:copper_chestplate":2,"plentyofarmors:copper_leggings":2,"minecraft:detector_rail":7,"minecraft:shield":1}},"DataVersion":3465}