{"stats":{"minecraft:broken":{"minecraft:stone_axe":1},"minecraft:crafted":{"minecraft:smooth_stone":6,"minecraft:oak_planks":116,"magistuarmory:knight_boots":1,"minecraft:furnace":5,"minecraft:blast_furnace":2,"minecraft:stone":9,"minecraft:bone_meal":60,"magistuarmory:xivcenturyknight_chestplate":1,"minecraft:spruce_fence":21,"paladins:iron_great_hammer":1,"mcdw:shield_vanguard":1,"mcdw:sickle_nightmares_bite":1,"runes:healing_stone":30,"magistuarmory:steel_ingot":21,"mcdw:sickle_sickle":1,"minecraft:stone_pickaxe":1,"minecraft:chest":6,"mcdw:shield_royal_guard":1,"plentyofarmors:copper_boots":3,"magistuarmory:steel_ring":72,"minecraft:stone_hoe":3,"plentyofarmors:copper_chestplate":3,"minecraft:oak_fence":39,"magistuarmory:steel_plate":12,"minecraft:smoker":2,"magistuarmory:steel_nugget":36,"minecraft:crafting_table":2,"minecraft:spruce_planks":104,"minecraft:wooden_pickaxe":1,"minecraft:baked_potato":32,"magistuarmory:bascinet":1,"minecraft:copper_ingot":70,"minecraft:bucket":1,"minecraft:stone_axe":1,"minecraft:air":0,"plentyofarmors:copper_helmet":2,"minecraft:shield":2,"minecraft:stick":80,"plentyofarmors:copper_leggings":3,"minecraft:iron_ingot":55,"minecraft:iron_pickaxe":1,"minecraft:wooden_axe":2,"minecraft:stone_sword":1,"magistuarmory:steel_chainmail":6,"minecraft:gold_ingot":11,"minecraft:stonecutter":1,"minecraft:torch":24,"magistuarmory:norman_helmet":1},"minecraft:custom":{"minecraft:mob_kills":22,"minecraft:interact_with_crafting_table":52,"minecraft:open_barrel":14,"minecraft:bell_ring":1,"minecraft:leave_game":2,"minecraft:time_since_death":12812,"minecraft:climb_one_cm":5032,"minecraft:sprint_one_cm":259530,"minecraft:walk_one_cm":298887,"minecraft:drop":13,"minecraft:damage_dealt_absorbed":40,"minecraft:talked_to_villager":8,"minecraft:play_time":107044,"minecraft:deaths":2,"minecraft:sneak_time":2677,"minecraft:walk_under_water_one_cm":671,"minecraft:jump":938,"minecraft:interact_with_blast_furnace":30,"minecraft:walk_on_water_one_cm":5409,"minecraft:total_world_time":107044,"minecraft:interact_with_furnace":103,"minecraft:sleep_in_bed":2,"minecraft:hex":0,"minecraft:time_since_rest":12839,"minecraft:damage_taken":1130,"minecraft:damage_dealt":3626,"minecraft:swim_one_cm":8200,"minecraft:fly_one_cm":154652,"minecraft:open_chest":94,"minecraft:crouch_one_cm":4619,"minecraft:threat":6,"minecraft:interact_with_smoker":11,"minecraft:fall_one_cm":17709},"minecraft:used":{"minecraft:oak_fence":40,"mcdw:sickle_nightmares_bite":8,"minecraft:stone_sword":15,"minecraft:chest":9,"minecraft:spruce_planks":5,"mcdar:golem_kit":1,"minecraft:stone_hoe":128,"minecraft:torch":41,"minecraft:dirt":1,"plentyofarmors:copper_leggings":1,"minecraft:spruce_fence":1,"minecraft:wooden_axe":38,"minecraft:lantern":3,"paladins:priest_robe_legs":1,"minecraft:furnace":5,"minecraft:potato":122,"minecraft:water_bucket":4,"minecraft:stone_pickaxe":24,"minecraft:baked_potato":14,"minecraft:oak_planks":5,"minecraft:wooden_pickaxe":12,"minecraft:stonecutter":1,"minecraft:blue_bed":1,"minecraft:crafting_table":4,"minecraft:blast_furnace":3,"minecraft:spruce_log":14,"minecraft:smoker":2,"paladins:monk_workbench":2,"minecraft:apple":1,"minecraft:bread":7,"minecraft:iron_pickaxe":238,"paladins:iron_great_hammer":42,"minecraft:stone_axe":10,"minecraft:cobblestone":15,"travelersbackpack:standard":1,"minecraft:bucket":4,"minecraft:experience_bottle":1,"minecraft:bone_meal":60},"minecraft:killed_by":{"minecraft:skeleton":1},"minecraft:mined":{"minecraft:spruce_planks":6,"minecraft:candle_cake":1,"universal_ores:andesite_iron_ore":1,"universal_ores:granite_copper_ore":2,"minecraft:cobblestone_stairs":1,"minecraft:grass_block":17,"minecraft:furnace":4,"minecraft:iron_ore":48,"minecraft:stripped_spruce_log":8,"minecraft:fletching_table":1,"minecraft:peony":5,"minecraft:brown_bed":1,"minecraft:pointed_dripstone":1,"minecraft:potatoes":32,"minecraft:deepslate_iron_ore":2,"minecraft:vine":2,"amendments:wall_lantern":1,"minecraft:lantern":2,"minecraft:stone":95,"minecraft:glass_pane":1,"travelersbackpack:standard":1,"minecraft:oak_fence":1,"minecraft:crafting_table":6,"minecraft:torch":2,"minecraft:blast_furnace":1,"minecraft:chest":4,"minecraft:tall_grass":11,"minecraft:copper_ore":40,"minecraft:cobblestone":2,"minecraft:lapis_ore":2,"minecraft:deepslate_gold_ore":4,"minecraft:blue_bed":1,"minecraft:wall_torch":3,"supplementaries:urn":7,"minecraft:spruce_stairs":2,"paladins:monk_workbench":2,"minecraft:lilac":4,"minecraft:spruce_log":11,"minecraft:grass":68,"minecraft:oak_log":3,"minecraft:coal_ore":36,"minecraft:gravel":2,"minecraft:dripstone_block":1,"minecraft:dirt":8,"minecraft:stonecutter":1,"minecraft:deepslate":5,"minecraft:fern":13,"soulsweapons:verglas_ore":5},"minecraft:picked_up":{"minecraft:crafting_table":6,"minecraft:chicken":1,"plentyofarmors:copper_helmet":1,"minecraft:brown_bed":1,"minecraft:raw_copper":198,"supplementaries:bomb":1,"minecraft:activator_rail":3,"minecraft:cobbled_deepslate":4,"minecraft:gold_nugget":29,"minecraft:candle":1,"minecraft:detector_rail":7,"minecraft:spruce_planks":5,"mcdar:golem_kit":1,"minecraft:chest":4,"minecraft:furnace":4,"minecraft:stick":23,"minecraft:raw_iron":52,"minecraft:torch":26,"minecraft:oak_fence":1,"minecraft:spruce_stairs":2,"plentyofarmors:copper_boots":1,"minecraft:pointed_dripstone":2,"paladins:monk_workbench":2,"minecraft:rotten_flesh":13,"minecraft:arrow":4,"minecraft:beetroot_seeds":3,"minecraft:peony":4,"minecraft:mutton":2,"minecraft:cobblestone":99,"minecraft:rail":33,"minecraft:white_wool":1,"minecraft:feather":2,"minecraft:lilac":3,"minecraft:leather":2,"minecraft:potato":127,"minecraft:oak_log":29,"supplementaries:flax_seeds":4,"minecraft:cobblestone_stairs":1,"minecraft:dirt":25,"minecraft:lapis_lazuli":15,"minecraft:blue_bed":1,"minecraft:lantern":3,"minecraft:bone":12,"minecraft:apple":1,"minecraft:stonecutter":1,"minecraft:wheat_seeds":5,"minecraft:raw_gold":4,"paladins:acolyte_wand":1,"minecraft:fletching_table":1,"minecraft:poisonous_potato":2,"minecraft:gravel":1,"plentyofarmors:copper_leggings":1,"minecraft:stripped_spruce_log":8,"minecraft:spruce_sapling":34,"minecraft:blast_furnace":1,"minecraft:spruce_log":43,"magistuarmory:rustedchainmail_leggings":1,"minecraft:spider_eye":4,"travelersbackpack:standard":1,"minecraft:pumpkin_seeds":1,"magistuarmory:rusted_bastardsword":1,"runes:frost_stone":1,"magistuarmory:rustedcrusader_boots":1,"soulsweapons:verglas":5,"minecraft:oak_sapling":22,"minecraft:coal":63},"minecraft:killed":{"minecraft:spider":1,"minecraft:horse":2,"minecraft:skeleton":3,"minecraft:chicken":1,"naturalist:cardinal":1,"minecraft:zombie_villager":1,"naturalist:bear":1,"minecraft:sheep":1,"minecraft:zombie":11},"minecraft:dropped":{"plentyofarmors:copper_boots":2,"minecraft:activator_rail":3,"minecraft:rail":33,"plentyofarmors:copper_helmet":2,"minecraft:bucket":1,"plentyofarmors:copper_chestplate":2,"plentyofarmors:copper_leggings":2,"minecraft:detector_rail":7,"minecraft:shield":1}},"DataVersion":3465}