{"stats":{"minecraft:picked_up":{"minecraft:raw_iron":37,"minecraft:stick":19,"minecraft:crafting_table":4,"minecraft:torch":23,"minecraft:oak_log":29,"minecraft:raw_copper":117,"minecraft:bone":9,"minecraft:apple":1,"minecraft:candle":1,"minecraft:wheat_seeds":1,"minecraft:gold_nugget":29,"minecraft:cobbled_deepslate":4,"minecraft:raw_gold":4,"soulsweapons:verglas":1,"minecraft:fletching_table":1,"minecraft:oak_sapling":17,"minecraft:coal":30,"minecraft:mutton":2,"minecraft:white_wool":1,"minecraft:cobblestone":20,"minecraft:furnace":1},"minecraft:custom":{"minecraft:time_since_rest":15378,"minecraft:interact_with_furnace":8,"minecraft:sprint_one_cm":53040,"minecraft:damage_taken":105,"minecraft:walk_one_cm":57490,"minecraft:mob_kills":2,"minecraft:drop":1,"minecraft:damage_dealt":441,"minecraft:open_chest":4,"minecraft:interact_with_crafting_table":5,"minecraft:fly_one_cm":40167,"minecraft:open_barrel":7,"minecraft:crouch_one_cm":2399,"minecraft:play_time":17770,"minecraft:deaths":1,"minecraft:sneak_time":1112,"minecraft:jump":294,"minecraft:walk_on_water_one_cm":1369,"minecraft:time_since_death":15352,"minecraft:total_world_time":17770,"minecraft:hex":0,"minecraft:fall_one_cm":4834},"minecraft:killed":{"minecraft:sheep":1,"minecraft:zombie":1},"minecraft:used":{"minecraft:wooden_axe":1,"minecraft:stone_sword":11,"minecraft:bread":2,"minecraft:stone_pickaxe":16,"minecraft:iron_pickaxe":114,"minecraft:wooden_pickaxe":8,"minecraft:stone_axe":5,"minecraft:torch":13,"minecraft:cobblestone":11,"minecraft:crafting_table":2},"minecraft:crafted":{"minecraft:oak_planks":24,"minecraft:shield":2,"minecraft:crafting_table":1,"minecraft:stick":4,"minecraft:iron_ingot":9,"minecraft:wooden_pickaxe":1,"minecraft:iron_pickaxe":1,"minecraft:stone_pickaxe":1,"minecraft:wooden_axe":1,"minecraft:stone_sword":1,"minecraft:stone_axe":1,"minecraft:air":0},"minecraft:mined":{"supplementaries:urn":5,"minecraft:candle_cake":1,"minecraft:furnace":1,"universal_ores:andesite_iron_ore":1,"minecraft:iron_ore":33,"universal_ores:granite_copper_ore":2,"minecraft:fletching_table":1,"minecraft:torch":1,"minecraft:crafting_table":4,"minecraft:grass":2,"minecraft:coal_ore":30,"minecraft:oak_log":3,"minecraft:deepslate_iron_ore":2,"minecraft:gravel":2,"minecraft:copper_ore":30,"minecraft:cobblestone":1,"minecraft:deepslate_gold_ore":4,"minecraft:stone":20,"minecraft:deepslate":5,"minecraft:wall_torch":3,"soulsweapons:verglas_ore":1},"minecraft:dropped":{"minecraft:shield":1}},"DataVersion":3465}