{"stats":{"minecraft:broken":{"minecraft:stone_axe":1},"minecraft:crafted":{"minecraft:oak_planks":28,"minecraft:crafting_table":2,"minecraft:spruce_planks":56,"minecraft:wooden_pickaxe":1,"minecraft:copper_ingot":70,"minecraft:stone_axe":1,"minecraft:air":0,"plentyofarmors:copper_helmet":2,"minecraft:shield":2,"minecraft:stick":4,"plentyofarmors:copper_leggings":3,"minecraft:iron_ingot":9,"minecraft:stone_pickaxe":1,"minecraft:iron_pickaxe":1,"minecraft:wooden_axe":1,"minecraft:stone_sword":1,"minecraft:chest":6,"plentyofarmors:copper_boots":3,"plentyofarmors:copper_chestplate":3},"minecraft:custom":{"minecraft:interact_with_furnace":68,"minecraft:mob_kills":3,"minecraft:interact_with_crafting_table":19,"minecraft:open_barrel":10,"minecraft:time_since_death":36846,"minecraft:climb_one_cm":2860,"minecraft:hex":0,"minecraft:time_since_rest":36872,"minecraft:sprint_one_cm":85261,"minecraft:damage_taken":235,"minecraft:walk_one_cm":113530,"minecraft:drop":12,"minecraft:damage_dealt":533,"minecraft:talked_to_villager":5,"minecraft:fly_one_cm":50407,"minecraft:open_chest":34,"minecraft:crouch_one_cm":3309,"minecraft:play_time":39264,"minecraft:deaths":1,"minecraft:sneak_time":1601,"minecraft:jump":379,"minecraft:walk_on_water_one_cm":1369,"minecraft:total_world_time":39264,"minecraft:fall_one_cm":5796},"minecraft:used":{"minecraft:stone_sword":15,"minecraft:stone_pickaxe":16,"minecraft:oak_planks":4,"minecraft:spruce_planks":4,"minecraft:chest":9,"minecraft:wooden_pickaxe":8,"mcdar:golem_kit":1,"minecraft:torch":13,"plentyofarmors:copper_leggings":1,"minecraft:crafting_table":4,"minecraft:spruce_log":7,"paladins:monk_workbench":2,"minecraft:wooden_axe":11,"minecraft:apple":1,"minecraft:bread":7,"minecraft:iron_pickaxe":120,"minecraft:stone_axe":10,"minecraft:cobblestone":14,"travelersbackpack:standard":1,"paladins:priest_robe_legs":1,"minecraft:furnace":4},"minecraft:mined":{"minecraft:spruce_planks":5,"minecraft:candle_cake":1,"universal_ores:andesite_iron_ore":1,"universal_ores:granite_copper_ore":2,"travelersbackpack:standard":1,"minecraft:crafting_table":5,"minecraft:torch":1,"minecraft:chest":3,"minecraft:copper_ore":30,"minecraft:cobblestone":2,"minecraft:deepslate_gold_ore":4,"minecraft:wall_torch":3,"supplementaries:urn":5,"minecraft:spruce_stairs":2,"minecraft:furnace":4,"paladins:monk_workbench":2,"minecraft:iron_ore":33,"minecraft:spruce_log":4,"minecraft:fletching_table":1,"minecraft:brown_bed":1,"minecraft:grass":2,"minecraft:oak_log":3,"minecraft:coal_ore":30,"minecraft:deepslate_iron_ore":2,"minecraft:gravel":2,"minecraft:stone":20,"minecraft:deepslate":5,"soulsweapons:verglas_ore":1},"minecraft:picked_up":{"minecraft:crafting_table":5,"plentyofarmors:copper_helmet":1,"minecraft:brown_bed":1,"minecraft:oak_log":29,"minecraft:raw_copper":164,"minecraft:bone":9,"minecraft:apple":1,"supplementaries:bomb":1,"minecraft:activator_rail":3,"minecraft:cobbled_deepslate":4,"minecraft:wheat_seeds":1,"minecraft:candle":1,"minecraft:gold_nugget":29,"minecraft:detector_rail":7,"minecraft:raw_gold":4,"minecraft:spruce_planks":4,"paladins:acolyte_wand":1,"minecraft:fletching_table":1,"minecraft:chest":3,"minecraft:furnace":4,"minecraft:stick":21,"minecraft:raw_iron":37,"minecraft:torch":25,"minecraft:spruce_stairs":2,"plentyofarmors:copper_boots":1,"minecraft:gravel":1,"plentyofarmors:copper_leggings":1,"minecraft:spruce_sapling":31,"minecraft:spruce_log":27,"paladins:monk_workbench":2,"travelersbackpack:standard":1,"minecraft:rotten_flesh":1,"minecraft:beetroot_seeds":3,"soulsweapons:verglas":1,"minecraft:oak_sapling":22,"minecraft:mutton":2,"minecraft:cobblestone":22,"minecraft:coal":57,"minecraft:white_wool":1,"minecraft:rail":33},"minecraft:killed":{"minecraft:sheep":1,"minecraft:zombie":2},"minecraft:dropped":{"plentyofarmors:copper_chestplate":2,"plentyofarmors:copper_leggings":2,"minecraft:detector_rail":7,"plentyofarmors:copper_boots":2,"minecraft:activator_rail":3,"minecraft:rail":33,"minecraft:shield":1,"plentyofarmors:copper_helmet":2}},"DataVersion":3465}