{"stats":{"minecraft:custom":{"minecraft:interact_with_furnace":68,"minecraft:mob_kills":3,"minecraft:interact_with_crafting_table":18,"minecraft:open_barrel":10,"minecraft:time_since_death":27352,"minecraft:climb_one_cm":1658,"minecraft:hex":0,"minecraft:time_since_rest":27378,"minecraft:sprint_one_cm":55253,"minecraft:damage_taken":225,"minecraft:walk_one_cm":88549,"minecraft:drop":10,"minecraft:damage_dealt":533,"minecraft:talked_to_villager":2,"minecraft:fly_one_cm":42296,"minecraft:open_chest":16,"minecraft:crouch_one_cm":2482,"minecraft:play_time":29770,"minecraft:deaths":1,"minecraft:sneak_time":1188,"minecraft:jump":299,"minecraft:walk_on_water_one_cm":1369,"minecraft:total_world_time":29770,"minecraft:fall_one_cm":4834},"minecraft:picked_up":{"minecraft:crafting_table":5,"plentyofarmors:copper_helmet":1,"minecraft:brown_bed":1,"minecraft:oak_log":29,"minecraft:raw_copper":164,"minecraft:bone":9,"minecraft:apple":1,"supplementaries:bomb":1,"minecraft:activator_rail":3,"minecraft:detector_rail":7,"minecraft:wheat_seeds":1,"minecraft:gold_nugget":29,"minecraft:candle":1,"minecraft:cobbled_deepslate":4,"minecraft:raw_gold":4,"minecraft:fletching_table":1,"minecraft:chest":3,"minecraft:furnace":3,"minecraft:stick":19,"minecraft:raw_iron":37,"minecraft:torch":24,"minecraft:gravel":1,"minecraft:spruce_sapling":25,"paladins:monk_workbench":1,"travelersbackpack:standard":1,"minecraft:rotten_flesh":1,"minecraft:beetroot_seeds":3,"soulsweapons:verglas":1,"minecraft:oak_sapling":22,"minecraft:rail":33,"minecraft:mutton":2,"minecraft:coal":57,"minecraft:cobblestone":22,"minecraft:white_wool":1},"minecraft:killed":{"minecraft:sheep":1,"minecraft:zombie":2},"minecraft:used":{"minecraft:stone_sword":15,"minecraft:stone_pickaxe":16,"minecraft:oak_planks":4,"minecraft:chest":1,"minecraft:wooden_pickaxe":8,"minecraft:torch":13,"plentyofarmors:copper_leggings":1,"minecraft:crafting_table":3,"paladins:monk_workbench":1,"minecraft:wooden_axe":1,"minecraft:apple":1,"minecraft:bread":4,"minecraft:iron_pickaxe":118,"minecraft:stone_axe":10,"minecraft:cobblestone":14,"travelersbackpack:standard":1,"paladins:priest_robe_legs":1,"minecraft:furnace":1},"minecraft:crafted":{"minecraft:oak_planks":28,"minecraft:crafting_table":1,"minecraft:wooden_pickaxe":1,"minecraft:copper_ingot":70,"minecraft:stone_axe":1,"minecraft:air":0,"plentyofarmors:copper_helmet":2,"minecraft:shield":2,"minecraft:stick":4,"plentyofarmors:copper_leggings":3,"minecraft:iron_ingot":9,"minecraft:iron_pickaxe":1,"minecraft:stone_pickaxe":1,"minecraft:wooden_axe":1,"minecraft:stone_sword":1,"plentyofarmors:copper_boots":3,"plentyofarmors:copper_chestplate":3},"minecraft:mined":{"minecraft:spruce_planks":1,"minecraft:candle_cake":1,"universal_ores:andesite_iron_ore":1,"universal_ores:granite_copper_ore":2,"travelersbackpack:standard":1,"minecraft:crafting_table":5,"minecraft:torch":1,"minecraft:chest":3,"minecraft:copper_ore":30,"minecraft:cobblestone":2,"minecraft:deepslate_gold_ore":4,"minecraft:wall_torch":3,"supplementaries:urn":5,"minecraft:furnace":3,"paladins:monk_workbench":1,"minecraft:iron_ore":33,"minecraft:fletching_table":1,"minecraft:brown_bed":1,"minecraft:grass":2,"minecraft:oak_log":3,"minecraft:coal_ore":30,"minecraft:deepslate_iron_ore":2,"minecraft:gravel":2,"minecraft:stone":20,"minecraft:deepslate":5,"soulsweapons:verglas_ore":1},"minecraft:dropped":{"plentyofarmors:copper_chestplate":2,"plentyofarmors:copper_leggings":1,"minecraft:detector_rail":7,"plentyofarmors:copper_boots":1,"minecraft:activator_rail":3,"minecraft:rail":33,"minecraft:shield":1,"plentyofarmors:copper_helmet":2}},"DataVersion":3465}