{"stats":{"minecraft:picked_up":{"minecraft:crafting_table":2,"minecraft:stick":16,"minecraft:apple":1,"minecraft:wheat_seeds":1,"minecraft:oak_log":29,"minecraft:oak_sapling":16,"minecraft:white_wool":1,"minecraft:mutton":2,"minecraft:cobblestone":8},"minecraft:custom":{"minecraft:time_since_rest":3378,"minecraft:crouch_one_cm":602,"minecraft:walk_one_cm":16949,"minecraft:play_time":5770,"minecraft:sprint_one_cm":22109,"minecraft:damage_taken":50,"minecraft:deaths":1,"minecraft:sneak_time":295,"minecraft:mob_kills":1,"minecraft:jump":88,"minecraft:damage_dealt":80,"minecraft:time_since_death":3352,"minecraft:hex":0,"minecraft:total_world_time":5770,"minecraft:interact_with_crafting_table":3,"minecraft:fall_one_cm":2320,"minecraft:fly_one_cm":15435},"minecraft:killed":{"minecraft:sheep":1},"minecraft:used":{"minecraft:stone_axe":2,"minecraft:wooden_axe":1,"minecraft:crafting_table":2,"minecraft:wooden_pickaxe":8},"minecraft:crafted":{"minecraft:stone_sword":1,"minecraft:oak_planks":12,"minecraft:stone_axe":1,"minecraft:crafting_table":1,"minecraft:stick":4,"minecraft:wooden_pickaxe":1,"minecraft:stone_pickaxe":1,"minecraft:wooden_axe":1},"minecraft:mined":{"minecraft:grass":2,"minecraft:oak_log":3,"minecraft:stone":8,"minecraft:crafting_table":2}},"DataVersion":3465}