{"stats":{"minecraft:custom":{"minecraft:time_since_rest":5925,"minecraft:open_chest":8,"minecraft:crouch_one_cm":1442,"minecraft:sprint_one_cm":46271,"minecraft:play_time":26767,"minecraft:walk_one_cm":27050,"minecraft:deaths":3,"minecraft:sneak_time":1223,"minecraft:jump":282,"minecraft:leave_game":7,"minecraft:walk_on_water_one_cm":205,"minecraft:time_since_death":5896,"minecraft:total_world_time":26767,"minecraft:hex":0,"minecraft:fall_one_cm":2231,"minecraft:fly_one_cm":239481},"minecraft:used":{"ancientartifacts:dragon_pedestal":1,"minecraft:spruce_leaves":3,"minecraft:mossy_cobblestone":1,"minecraft:spyglass":16,"minecraft:oxidized_copper":2,"minecraft:polished_andesite":1},"minecraft:picked_up":{"minecraft:stick":5,"minecraft:spruce_sapling":14,"minecraft:spruce_log":31}},"DataVersion":3465}