{"stats":{"minecraft:custom":{"minecraft:jump":242,"minecraft:open_chest":2,"minecraft:time_since_rest":5378,"minecraft:deaths":1,"minecraft:leave_game":6,"minecraft:crouch_one_cm":1079,"minecraft:time_since_death":5351,"minecraft:play_time":18455,"minecraft:sprint_one_cm":37976,"minecraft:walk_one_cm":15357,"minecraft:walk_on_water_one_cm":205,"minecraft:sneak_time":878,"minecraft:total_world_time":18455,"minecraft:hex":0,"minecraft:fall_one_cm":2231,"minecraft:fly_one_cm":170506},"minecraft:used":{"minecraft:spyglass":11},"minecraft:picked_up":{"minecraft:stick":3,"minecraft:spruce_sapling":13,"minecraft:spruce_log":31}},"DataVersion":3465}