{"stats":{"minecraft:picked_up":{"minecraft:crafting_table":1,"minecraft:stick":1,"minecraft:apple":2,"minecraft:oak_log":20,"minecraft:oak_sapling":5,"minecraft:coal":1,"minecraft:dirt":1,"minecraft:cobblestone":19},"minecraft:custom":{"minecraft:time_since_rest":5786,"minecraft:crouch_one_cm":4886,"minecraft:play_time":5786,"minecraft:sprint_one_cm":15637,"minecraft:walk_one_cm":6381,"minecraft:sneak_time":1254,"minecraft:jump":86,"minecraft:time_since_death":5786,"minecraft:climb_one_cm":197,"minecraft:hex":0,"minecraft:total_world_time":5786,"minecraft:fly_one_cm":21660,"minecraft:interact_with_crafting_table":3,"minecraft:fall_one_cm":2626},"minecraft:used":{"minecraft:wooden_axe":2,"minecraft:crafting_table":2,"minecraft:stone_pickaxe":3,"minecraft:wooden_pickaxe":17},"minecraft:crafted":{"minecraft:oak_planks":16,"minecraft:crafting_table":1,"minecraft:stick":8,"minecraft:stone_pickaxe":1,"minecraft:wooden_pickaxe":1,"minecraft:wooden_axe":1},"minecraft:mined":{"minecraft:coal_ore":1,"minecraft:grass_block":1,"minecraft:oak_log":4,"minecraft:tall_grass":3,"minecraft:stone":19,"minecraft:crafting_table":1,"minecraft:fern":1}},"DataVersion":3465}