{"stats":{"minecraft:crafted":{"minecraft:oak_planks":16,"minecraft:crafting_table":1,"minecraft:wooden_pickaxe":1,"minecraft:copper_ingot":17,"mcdw:sword_katana":1,"minecraft:air":0,"plentyofarmors:copper_helmet":1,"minecraft:stick":8,"minecraft:iron_ingot":8,"minecraft:stone_pickaxe":1,"minecraft:wooden_axe":1,"plentyofarmors:copper_boots":1,"minecraft:torch":56,"plentyofarmors:copper_chestplate":1},"minecraft:custom":{"minecraft:interact_with_furnace":16,"minecraft:mob_kills":8,"minecraft:interact_with_crafting_table":8,"minecraft:time_since_death":18541,"minecraft:climb_one_cm":6485,"minecraft:hex":0,"minecraft:time_since_rest":18566,"minecraft:sprint_one_cm":144435,"minecraft:damage_taken":1176,"minecraft:walk_one_cm":70449,"minecraft:drop":1,"minecraft:damage_dealt":1710,"minecraft:swim_one_cm":6323,"minecraft:talked_to_villager":1,"minecraft:fly_one_cm":198815,"minecraft:open_chest":15,"minecraft:crouch_one_cm":16747,"minecraft:play_time":39286,"minecraft:deaths":3,"minecraft:sneak_time":4533,"minecraft:walk_under_water_one_cm":2216,"minecraft:jump":900,"minecraft:walk_on_water_one_cm":2283,"minecraft:total_world_time":39286,"minecraft:fall_one_cm":23410},"minecraft:used":{"minecraft:stone_pickaxe":105,"minecraft:wooden_pickaxe":17,"minecraft:torch":35,"minecraft:glow_berries":8,"farmersdelight:onion":8,"minecraft:dirt":2,"minecraft:crafting_table":4,"mcdar:buzzy_nest":1,"supplementaries:bomb":1,"minecraft:carrot":1,"minecraft:allium":20,"minecraft:wooden_axe":9,"minecraft:apple":2,"minecraft:bread":4,"mcdw:sword_katana":54,"naturalist:glow_goop":1,"minecraft:cobblestone":4,"travelersbackpack:standard":2},"minecraft:killed_by":{"minecraft:skeleton":3},"minecraft:mined":{"minecraft:mossy_cobblestone":1,"farmersdelight:wild_carrots":5,"minecraft:crafting_table":4,"minecraft:torch":2,"minecraft:grass_block":2,"minecraft:tall_grass":3,"minecraft:copper_ore":5,"minecraft:cobblestone":3,"minecraft:spruce_leaves":2,"minecraft:oak_planks":2,"minecraft:wall_torch":2,"farmersdelight:wild_onions":9,"minecraft:furnace":2,"universal_ores:granite_coal_ore":9,"minecraft:iron_ore":19,"minecraft:fire":3,"minecraft:grass":5,"minecraft:oak_log":4,"minecraft:coal_ore":49,"minecraft:vine":16,"minecraft:gravel":1,"minecraft:cobweb":20,"minecraft:stone":27,"minecraft:fern":1},"minecraft:picked_up":{"minecraft:crafting_table":4,"minecraft:allium":20,"minecraft:flint":1,"minecraft:oak_log":20,"minecraft:dirt":2,"minecraft:string":22,"minecraft:raw_copper":17,"naturalist:glow_goop":1,"wizards:wand_novice":1,"minecraft:bone":1,"minecraft:apple":2,"minecraft:spruce_planks":2,"minecraft:oak_planks":2,"minecraft:furnace":2,"minecraft:raw_iron":19,"minecraft:stick":22,"minecraft:torch":4,"minecraft:gravel":1,"minecraft:spruce_sapling":25,"minecraft:carrot":5,"minecraft:mossy_cobblestone":1,"minecraft:rotten_flesh":1,"minecraft:arrow":5,"farmersdelight:onion":9,"waystones:waystone":1,"magistuarmory:rustedcrusader_boots":1,"minecraft:oak_sapling":5,"minecraft:coal":64,"minecraft:cobblestone":32},"minecraft:killed":{"minecraft:cave_spider":1,"naturalist:firefly":1,"minecraft:skeleton":2,"mcdar:buzzy_nest_bee":1,"minecraft:zombie":2,"minecraft:drowned":1},"minecraft:dropped":{"artifacts:plastic_drinking_hat":1}},"DataVersion":3465}