{"stats":{"minecraft:crafted":{"minecraft:oak_planks":16,"minecraft:crafting_table":1,"minecraft:wooden_pickaxe":1,"minecraft:copper_ingot":17,"mcdw:sword_katana":1,"minecraft:bread":27,"minecraft:air":0,"plentyofarmors:copper_helmet":1,"minecraft:stick":8,"minecraft:iron_ingot":8,"minecraft:stone_pickaxe":1,"minecraft:wooden_axe":1,"plentyofarmors:copper_boots":1,"minecraft:torch":56,"plentyofarmors:copper_chestplate":1,"minecraft:wheat":81},"minecraft:custom":{"minecraft:interact_with_furnace":16,"minecraft:mob_kills":9,"minecraft:interact_with_crafting_table":9,"minecraft:open_barrel":2,"minecraft:time_since_death":4375,"minecraft:climb_one_cm":6633,"minecraft:hex":0,"minecraft:time_since_rest":4403,"minecraft:sprint_one_cm":214206,"minecraft:damage_taken":2203,"minecraft:walk_one_cm":89785,"minecraft:drop":2,"minecraft:damage_dealt":2313,"minecraft:swim_one_cm":14447,"minecraft:talked_to_villager":1,"minecraft:fly_one_cm":294577,"minecraft:open_chest":25,"minecraft:crouch_one_cm":16986,"minecraft:play_time":51286,"minecraft:deaths":5,"minecraft:sneak_time":4582,"minecraft:walk_under_water_one_cm":2624,"minecraft:jump":1250,"minecraft:walk_on_water_one_cm":6857,"minecraft:total_world_time":51286,"minecraft:fall_one_cm":28668},"minecraft:used":{"minecraft:stone_pickaxe":108,"minecraft:wooden_pickaxe":17,"minecraft:spruce_sign":1,"minecraft:torch":36,"minecraft:glow_berries":8,"farmersdelight:onion":8,"minecraft:dirt":2,"minecraft:crafting_table":5,"mcdar:buzzy_nest":1,"supplementaries:bomb":1,"minecraft:carrot":1,"minecraft:allium":20,"minecraft:wooden_axe":15,"minecraft:flower_pot":1,"minecraft:apple":2,"minecraft:bread":14,"mcdw:sword_katana":68,"naturalist:glow_goop":1,"minecraft:cobblestone":4,"travelersbackpack:standard":2},"minecraft:killed_by":{"minecraft:skeleton":5},"minecraft:mined":{"minecraft:mossy_cobblestone":1,"farmersdelight:wild_carrots":5,"minecraft:crafting_table":5,"minecraft:torch":2,"minecraft:grass_block":2,"minecraft:chest":1,"minecraft:tall_grass":4,"minecraft:copper_ore":5,"minecraft:cobblestone":3,"minecraft:spruce_leaves":2,"minecraft:potted_oak_sapling":1,"minecraft:oak_planks":2,"minecraft:wall_torch":3,"minecraft:hay_block":13,"farmersdelight:wild_onions":9,"minecraft:furnace":2,"universal_ores:granite_coal_ore":9,"minecraft:sea_pickle":1,"minecraft:iron_ore":19,"minecraft:wheat":110,"minecraft:fire":5,"minecraft:grass":7,"minecraft:oak_log":4,"minecraft:coal_ore":49,"minecraft:vine":16,"minecraft:gravel":1,"minecraft:cobweb":20,"minecraft:stone":27,"minecraft:fern":1},"minecraft:picked_up":{"minecraft:wheat":110,"minecraft:crafting_table":5,"minecraft:allium":20,"minecraft:lilac":1,"minecraft:flower_pot":1,"minecraft:flint":1,"minecraft:oak_log":20,"minecraft:dirt":2,"minecraft:string":22,"minecraft:lantern":1,"minecraft:raw_copper":17,"naturalist:glow_goop":1,"wizards:wand_novice":1,"minecraft:bone":1,"minecraft:apple":2,"minecraft:sea_pickle":2,"minecraft:wheat_seeds":280,"minecraft:spruce_planks":2,"minecraft:chest":1,"minecraft:oak_planks":2,"minecraft:furnace":2,"minecraft:raw_iron":19,"minecraft:stick":22,"minecraft:torch":5,"minecraft:gravel":1,"minecraft:spruce_sapling":26,"minecraft:carrot":5,"minecraft:mossy_cobblestone":1,"minecraft:rotten_flesh":3,"minecraft:arrow":5,"farmersdelight:onion":9,"waystones:waystone":1,"magistuarmory:rustedcrusader_boots":1,"minecraft:hay_block":13,"minecraft:golden_apple":1,"minecraft:spruce_sign":1,"minecraft:oak_sapling":6,"minecraft:coal":69,"minecraft:cobblestone":32},"minecraft:killed":{"minecraft:cave_spider":1,"naturalist:firefly":1,"minecraft:skeleton":2,"mcdar:buzzy_nest_bee":1,"minecraft:zombie":3,"minecraft:drowned":1},"minecraft:dropped":{"minecraft:lilac":1,"artifacts:plastic_drinking_hat":1}},"DataVersion":3465}