{"stats":{"minecraft:broken":{"plentyofarmors:copper_helmet":1},"minecraft:crafted":{"minecraft:oak_planks":16,"minecraft:crafting_table":1,"minecraft:iron_helmet":1,"minecraft:wooden_pickaxe":1,"minecraft:copper_ingot":17,"mcdw:sword_katana":1,"minecraft:bread":75,"minecraft:air":0,"plentyofarmors:copper_helmet":1,"minecraft:iron_boots":4,"minecraft:stick":12,"minecraft:iron_ingot":63,"minecraft:iron_pickaxe":1,"minecraft:stone_pickaxe":1,"minecraft:wooden_axe":1,"minecraft:iron_leggings":1,"minecraft:gold_ingot":5,"plentyofarmors:copper_boots":1,"minecraft:torch":56,"plentyofarmors:copper_chestplate":1,"minecraft:wheat":117},"minecraft:custom":{"minecraft:interact_with_furnace":24,"minecraft:mob_kills":23,"minecraft:interact_with_crafting_table":21,"minecraft:open_barrel":17,"minecraft:damage_dealt_resisted":52,"minecraft:eat_cake_slice":1,"minecraft:time_since_death":5535,"minecraft:sleep_in_bed":1,"minecraft:climb_one_cm":6633,"minecraft:hex":0,"minecraft:waystone_activated":1,"minecraft:damage_absorbed":80,"minecraft:time_since_rest":5569,"minecraft:sprint_one_cm":287423,"minecraft:damage_taken":4335,"minecraft:walk_one_cm":139677,"minecraft:drop":2,"minecraft:damage_dealt":5215,"minecraft:swim_one_cm":15488,"minecraft:talked_to_villager":1,"minecraft:fly_one_cm":408412,"minecraft:open_chest":31,"minecraft:crouch_one_cm":27640,"minecraft:play_time":75286,"minecraft:deaths":10,"minecraft:sneak_time":7392,"minecraft:walk_under_water_one_cm":3074,"minecraft:jump":1854,"minecraft:interact_with_blast_furnace":11,"minecraft:walk_on_water_one_cm":18025,"minecraft:total_world_time":75286,"minecraft:fall_one_cm":48171},"minecraft:used":{"minecraft:stone_pickaxe":116,"minecraft:wooden_pickaxe":17,"minecraft:spruce_sign":1,"minecraft:torch":62,"minecraft:golden_apple":2,"minecraft:glow_berries":8,"farmersdelight:onion":8,"minecraft:dirt":2,"minecraft:crafting_table":8,"mcdar:buzzy_nest":1,"supplementaries:bomb":1,"minecraft:magenta_bed":2,"minecraft:carrot":1,"minecraft:allium":20,"waystones:waystone":1,"minecraft:wooden_axe":19,"minecraft:flower_pot":1,"minecraft:apple":2,"minecraft:bread":29,"minecraft:iron_pickaxe":88,"mcdw:sword_katana":132,"naturalist:glow_goop":1,"minecraft:cobblestone":4,"travelersbackpack:standard":2,"minecraft:furnace":1,"minecraft:cobbled_deepslate":3,"minecraft:candle":1},"minecraft:killed_by":{"minecraft:skeleton":8,"minecraft:spider":2},"minecraft:mined":{"minecraft:mossy_cobblestone":1,"minecraft:deepslate_diamond_ore":3,"universal_ores:andesite_iron_ore":1,"soulsweapons:verglas_ore_deepslate":1,"universal_ores:granite_gold_ore":2,"farmersdelight:wild_carrots":5,"universal_ores:granite_iron_ore":4,"minecraft:crafting_table":7,"minecraft:torch":2,"universal_ores:diorite_gold_ore":1,"minecraft:grass_block":2,"minecraft:chest":1,"minecraft:tall_grass":4,"minecraft:copper_ore":5,"minecraft:cobblestone":3,"minecraft:spruce_leaves":2,"minecraft:deepslate_gold_ore":7,"minecraft:potted_oak_sapling":1,"minecraft:oak_planks":2,"minecraft:wall_torch":3,"minecraft:hay_block":13,"farmersdelight:wild_onions":9,"minecraft:redstone_ore":4,"minecraft:furnace":3,"universal_ores:granite_coal_ore":9,"minecraft:sea_pickle":1,"minecraft:iron_ore":65,"minecraft:wheat":110,"minecraft:fire":5,"minecraft:magenta_bed":2,"minecraft:grass":8,"minecraft:deepslate_iron_ore":12,"minecraft:oak_log":4,"minecraft:coal_ore":49,"minecraft:vine":16,"minecraft:gravel":1,"minecraft:cobweb":20,"minecraft:stone":34,"minecraft:gold_ore":4,"minecraft:deepslate":3,"minecraft:fern":1},"minecraft:picked_up":{"minecraft:wheat":110,"minecraft:crafting_table":7,"minecraft:allium":20,"minecraft:lilac":1,"minecraft:flower_pot":1,"minecraft:glow_ink_sac":6,"minecraft:flint":1,"minecraft:oak_log":20,"artifacts:superstitious_hat":1,"minecraft:magenta_bed":2,"minecraft:dirt":2,"minecraft:string":22,"minecraft:lantern":1,"minecraft:raw_copper":17,"naturalist:glow_goop":1,"minecraft:candle":1,"wizards:wand_novice":1,"minecraft:bone":10,"minecraft:apple":2,"minecraft:sea_pickle":2,"minecraft:bow":1,"minecraft:raw_gold":14,"minecraft:wheat_seeds":280,"minecraft:cobbled_deepslate":5,"minecraft:spruce_planks":2,"minecraft:chest":1,"minecraft:oak_planks":2,"minecraft:furnace":3,"minecraft:raw_iron":81,"minecraft:stick":22,"minecraft:torch":6,"minecraft:gravel":1,"minecraft:spruce_sapling":26,"minecraft:carrot":5,"minecraft:redstone":18,"minecraft:mossy_cobblestone":1,"minecraft:rotten_flesh":10,"minecraft:arrow":9,"minecraft:diamond":3,"farmersdelight:onion":9,"waystones:waystone":1,"magistuarmory:rustedcrusader_boots":1,"minecraft:hay_block":13,"minecraft:golden_apple":1,"soulsweapons:verglas":1,"minecraft:spruce_sign":1,"minecraft:oak_sapling":6,"minecraft:coal":69,"minecraft:cobblestone":37},"minecraft:killed":{"minecraft:cave_spider":1,"naturalist:firefly":1,"minecraft:skeleton":7,"mcdar:buzzy_nest_bee":1,"minecraft:zombie":11,"minecraft:drowned":1,"artifacts:mimic":1},"minecraft:dropped":{"minecraft:lilac":1,"artifacts:plastic_drinking_hat":1}},"DataVersion":3465}