{"stats":{"minecraft:custom":{"minecraft:interact_with_furnace":16,"minecraft:mob_kills":7,"minecraft:interact_with_crafting_table":8,"minecraft:time_since_death":9041,"minecraft:climb_one_cm":4615,"minecraft:hex":0,"minecraft:time_since_rest":9066,"minecraft:sprint_one_cm":105852,"minecraft:damage_taken":1066,"minecraft:walk_one_cm":54192,"minecraft:drop":1,"minecraft:damage_dealt":1610,"minecraft:swim_one_cm":5175,"minecraft:fly_one_cm":136290,"minecraft:open_chest":8,"minecraft:crouch_one_cm":14257,"minecraft:play_time":29786,"minecraft:deaths":3,"minecraft:sneak_time":3946,"minecraft:walk_under_water_one_cm":2172,"minecraft:jump":630,"minecraft:walk_on_water_one_cm":1266,"minecraft:total_world_time":29786,"minecraft:fall_one_cm":13348},"minecraft:picked_up":{"minecraft:crafting_table":4,"minecraft:allium":20,"minecraft:flint":1,"minecraft:oak_log":20,"minecraft:dirt":1,"minecraft:string":22,"minecraft:raw_copper":17,"naturalist:glow_goop":1,"minecraft:bone":1,"minecraft:apple":2,"minecraft:spruce_planks":2,"minecraft:oak_planks":2,"minecraft:furnace":2,"minecraft:raw_iron":17,"minecraft:stick":22,"minecraft:torch":4,"minecraft:gravel":1,"minecraft:spruce_sapling":25,"minecraft:carrot":5,"minecraft:mossy_cobblestone":1,"minecraft:arrow":5,"minecraft:rotten_flesh":1,"farmersdelight:onion":9,"waystones:waystone":1,"magistuarmory:rustedcrusader_boots":1,"minecraft:oak_sapling":5,"minecraft:coal":50,"minecraft:cobblestone":30},"minecraft:killed":{"minecraft:cave_spider":1,"naturalist:firefly":1,"minecraft:skeleton":2,"minecraft:zombie":2,"minecraft:drowned":1},"minecraft:used":{"minecraft:stone_pickaxe":87,"minecraft:wooden_pickaxe":17,"minecraft:torch":35,"minecraft:glow_berries":8,"farmersdelight:onion":2,"minecraft:dirt":1,"minecraft:crafting_table":4,"supplementaries:bomb":1,"minecraft:allium":20,"minecraft:wooden_axe":9,"minecraft:apple":2,"minecraft:bread":3,"mcdw:sword_katana":52,"naturalist:glow_goop":1,"minecraft:cobblestone":4,"travelersbackpack:standard":2},"minecraft:crafted":{"minecraft:oak_planks":16,"minecraft:crafting_table":1,"minecraft:wooden_pickaxe":1,"minecraft:copper_ingot":17,"mcdw:sword_katana":1,"minecraft:air":0,"plentyofarmors:copper_helmet":1,"minecraft:stick":8,"minecraft:iron_ingot":8,"minecraft:stone_pickaxe":1,"minecraft:wooden_axe":1,"plentyofarmors:copper_boots":1,"minecraft:torch":56,"plentyofarmors:copper_chestplate":1},"minecraft:mined":{"minecraft:mossy_cobblestone":1,"farmersdelight:wild_carrots":5,"minecraft:crafting_table":4,"minecraft:torch":2,"minecraft:grass_block":1,"minecraft:copper_ore":5,"minecraft:tall_grass":3,"minecraft:cobblestone":3,"minecraft:spruce_leaves":2,"minecraft:oak_planks":2,"minecraft:wall_torch":2,"farmersdelight:wild_onions":9,"universal_ores:granite_coal_ore":9,"minecraft:furnace":2,"minecraft:iron_ore":17,"minecraft:fire":3,"minecraft:grass":5,"minecraft:vine":16,"minecraft:coal_ore":35,"minecraft:oak_log":4,"minecraft:gravel":1,"minecraft:cobweb":20,"minecraft:stone":25,"minecraft:fern":1},"minecraft:dropped":{"artifacts:plastic_drinking_hat":1},"minecraft:killed_by":{"minecraft:skeleton":3}},"DataVersion":3465}