{"stats":{"minecraft:custom":{"minecraft:time_since_rest":11692,"minecraft:open_chest":14,"minecraft:crouch_one_cm":1527,"minecraft:sprint_one_cm":77722,"minecraft:play_time":40218,"minecraft:deaths":5,"minecraft:walk_one_cm":42785,"minecraft:sneak_time":1276,"minecraft:walk_under_water_one_cm":3591,"minecraft:jump":548,"minecraft:leave_game":9,"minecraft:walk_on_water_one_cm":642,"minecraft:time_since_death":11672,"minecraft:interact_with_smoker":2,"minecraft:total_world_time":40218,"minecraft:hex":0,"minecraft:swim_one_cm":773,"minecraft:fall_one_cm":2231,"minecraft:fly_one_cm":449425},"minecraft:used":{"minecraft:spruce_leaves":3,"handcrafted:mangrove_bench":2,"minecraft:mossy_cobblestone":1,"chipped:botanist_workbench":1,"minecraft:spyglass":16,"minecraft:oxidized_copper":2,"minecraft:polished_andesite":1,"chipped:hazard_gray_concrete":1,"handcrafted:cherry_dining_bench":3},"minecraft:picked_up":{"minecraft:stick":5,"minecraft:bone":2,"minecraft:spruce_sapling":14,"minecraft:spruce_log":31}},"DataVersion":3465}