{"stats":{"minecraft:picked_up":{"minecraft:stick":5,"minecraft:bone":2,"minecraft:spruce_sapling":14,"minecraft:spruce_log":31},"minecraft:used":{"minecraft:spruce_leaves":3,"handcrafted:mangrove_bench":2,"minecraft:mossy_cobblestone":1,"chipped:botanist_workbench":1,"minecraft:spyglass":16,"minecraft:oxidized_copper":2,"minecraft:polished_andesite":1,"minecraft:oak_boat":1,"handcrafted:cherry_dining_bench":3,"chipped:hazard_gray_concrete":1},"minecraft:custom":{"minecraft:time_since_rest":17215,"minecraft:open_chest":14,"minecraft:crouch_one_cm":1527,"minecraft:sprint_one_cm":85860,"minecraft:play_time":45741,"minecraft:deaths":5,"minecraft:walk_one_cm":44534,"minecraft:sneak_time":1447,"minecraft:walk_under_water_one_cm":4252,"minecraft:boat_one_cm":69902,"minecraft:jump":627,"minecraft:leave_game":9,"minecraft:walk_on_water_one_cm":758,"minecraft:time_since_death":17195,"minecraft:interact_with_smoker":2,"minecraft:total_world_time":45741,"minecraft:hex":0,"minecraft:swim_one_cm":773,"minecraft:fall_one_cm":2231,"minecraft:fly_one_cm":531518}},"DataVersion":3465}