{"stats":{"minecraft:picked_up":{"minecraft:stick":5,"minecraft:bone":2,"jaizmobs:cracked_calcite_totem":1,"minecraft:spruce_sapling":14,"minecraft:spruce_log":31,"naturalist:bass":1},"minecraft:custom":{"minecraft:time_since_rest":848,"minecraft:open_chest":14,"minecraft:crouch_one_cm":3340,"minecraft:sprint_one_cm":112703,"minecraft:play_time":57741,"minecraft:deaths":8,"minecraft:walk_one_cm":62186,"minecraft:sneak_time":2229,"minecraft:walk_under_water_one_cm":7325,"minecraft:boat_one_cm":69902,"minecraft:jump":809,"minecraft:damage_dealt":80,"minecraft:leave_game":9,"minecraft:walk_on_water_one_cm":1454,"minecraft:time_since_death":774,"minecraft:interact_with_smoker":2,"minecraft:total_world_time":57741,"minecraft:hex":0,"minecraft:swim_one_cm":1508,"minecraft:fall_one_cm":2231,"minecraft:fly_one_cm":621501},"minecraft:used":{"minecraft:stone_bricks":1,"naturalist:duck_spawn_egg":1,"naturalist:bluejay_spawn_egg":1,"naturalist:alligator_spawn_egg":1,"minecraft:spruce_leaves":3,"handcrafted:mangrove_bench":2,"minecraft:mossy_cobblestone":1,"chipped:botanist_workbench":1,"minecraft:spyglass":16,"jaizmobs:calcite_totem":1,"naturalist:bass_spawn_egg":1,"minecraft:oxidized_copper":2,"minecraft:polished_andesite":1,"naturalist:rattlesnake_spawn_egg":1,"minecraft:end_portal_frame":2,"minecraft:oak_boat":1,"handcrafted:cherry_dining_bench":3,"chipped:hazard_gray_concrete":1,"naturalist:tortoise_spawn_egg":1,"naturalist:elephant_spawn_egg":1}},"DataVersion":3465}