{"stats":{"minecraft:picked_up":{"minecraft:stick":22,"minecraft:crafting_table":3,"minecraft:raw_iron":8,"minecraft:torch":2,"minecraft:oak_log":20,"minecraft:spruce_sapling":25,"minecraft:string":22,"minecraft:mossy_cobblestone":1,"minecraft:dirt":1,"minecraft:raw_copper":17,"minecraft:apple":2,"minecraft:spruce_planks":2,"minecraft:oak_sapling":5,"minecraft:coal":50,"minecraft:cobblestone":27,"minecraft:furnace":2},"minecraft:custom":{"minecraft:time_since_rest":5516,"minecraft:interact_with_furnace":13,"minecraft:sprint_one_cm":59489,"minecraft:damage_taken":505,"minecraft:walk_one_cm":30430,"minecraft:mob_kills":1,"minecraft:damage_dealt":216,"minecraft:interact_with_crafting_table":8,"minecraft:fly_one_cm":54780,"minecraft:open_chest":4,"minecraft:crouch_one_cm":13091,"minecraft:play_time":17786,"minecraft:deaths":2,"minecraft:sneak_time":3616,"minecraft:jump":257,"minecraft:time_since_death":5493,"minecraft:total_world_time":17786,"minecraft:climb_one_cm":4270,"minecraft:hex":0,"minecraft:fall_one_cm":5962},"minecraft:killed":{"minecraft:cave_spider":1},"minecraft:used":{"minecraft:wooden_axe":6,"minecraft:apple":2,"minecraft:stone_pickaxe":73,"mcdw:sword_katana":23,"minecraft:wooden_pickaxe":17,"minecraft:torch":30,"minecraft:dirt":1,"minecraft:cobblestone":4,"minecraft:crafting_table":4},"minecraft:crafted":{"plentyofarmors:copper_helmet":1,"minecraft:oak_planks":16,"minecraft:crafting_table":1,"minecraft:stick":8,"minecraft:iron_ingot":8,"minecraft:wooden_pickaxe":1,"minecraft:stone_pickaxe":1,"minecraft:wooden_axe":1,"plentyofarmors:copper_boots":1,"minecraft:copper_ingot":17,"minecraft:torch":28,"plentyofarmors:copper_chestplate":1,"mcdw:sword_katana":1,"minecraft:air":0},"minecraft:mined":{"minecraft:furnace":2,"universal_ores:granite_coal_ore":9,"minecraft:mossy_cobblestone":1,"minecraft:iron_ore":8,"minecraft:fire":3,"minecraft:torch":1,"minecraft:crafting_table":3,"minecraft:oak_log":4,"minecraft:grass_block":1,"minecraft:coal_ore":35,"minecraft:vine":16,"minecraft:cobweb":20,"minecraft:tall_grass":3,"minecraft:copper_ore":5,"minecraft:cobblestone":1,"minecraft:stone":24,"minecraft:wall_torch":1,"minecraft:fern":1},"minecraft:killed_by":{"minecraft:skeleton":2}},"DataVersion":3465}