{"stats":{"minecraft:custom":{"minecraft:time_since_rest":8448,"minecraft:open_chest":14,"minecraft:crouch_one_cm":1442,"minecraft:sprint_one_cm":68673,"minecraft:play_time":36974,"minecraft:deaths":5,"minecraft:walk_one_cm":38405,"minecraft:sneak_time":1240,"minecraft:walk_under_water_one_cm":3591,"minecraft:jump":475,"minecraft:leave_game":8,"minecraft:walk_on_water_one_cm":642,"minecraft:time_since_death":8428,"minecraft:interact_with_smoker":2,"minecraft:total_world_time":36974,"minecraft:hex":0,"minecraft:swim_one_cm":773,"minecraft:fall_one_cm":2231,"minecraft:fly_one_cm":427192},"minecraft:used":{"minecraft:spruce_leaves":3,"minecraft:mossy_cobblestone":1,"minecraft:spyglass":16,"minecraft:oxidized_copper":2,"minecraft:polished_andesite":1},"minecraft:picked_up":{"minecraft:stick":5,"minecraft:bone":2,"minecraft:spruce_sapling":14,"minecraft:spruce_log":31}},"DataVersion":3465}