{"stats":{"minecraft:broken":{"plentyofarmors:copper_helmet":1},"minecraft:crafted":{"minecraft:oak_planks":28,"minecraft:iron_boots":4,"minecraft:stone_pickaxe":1,"plentyofarmors:copper_boots":1,"plentyofarmors:copper_chestplate":1,"minecraft:wheat":117,"immersive_armors:bone_chestplate":1,"minecraft:crafting_table":2,"minecraft:wooden_pickaxe":1,"minecraft:iron_helmet":1,"minecraft:copper_ingot":17,"mcdw:sword_katana":1,"minecraft:bread":75,"minecraft:air":0,"plentyofarmors:copper_helmet":1,"minecraft:oak_boat":1,"minecraft:stick":12,"minecraft:iron_ingot":91,"minecraft:iron_pickaxe":1,"minecraft:wooden_axe":1,"minecraft:gold_ingot":24,"minecraft:iron_leggings":1,"minecraft:torch":56},"minecraft:custom":{"minecraft:interact_with_smithing_table":1,"minecraft:interact_with_anvil":2,"minecraft:mob_kills":31,"minecraft:interact_with_crafting_table":27,"minecraft:open_barrel":19,"minecraft:damage_dealt_resisted":52,"minecraft:eat_cake_slice":1,"minecraft:leave_game":1,"minecraft:time_since_death":2999,"minecraft:climb_one_cm":6633,"minecraft:sprint_one_cm":334693,"minecraft:walk_one_cm":166923,"minecraft:drop":2,"minecraft:talked_to_villager":1,"minecraft:play_time":87922,"minecraft:sneak_time":7879,"minecraft:deaths":11,"minecraft:walk_under_water_one_cm":3223,"minecraft:boat_one_cm":146,"minecraft:jump":2094,"minecraft:interact_with_blast_furnace":15,"minecraft:walk_on_water_one_cm":23626,"minecraft:total_world_time":87922,"minecraft:interact_with_furnace":40,"minecraft:sleep_in_bed":2,"minecraft:hex":0,"minecraft:time_since_rest":546,"minecraft:waystone_activated":1,"minecraft:damage_taken":5056,"minecraft:damage_absorbed":80,"minecraft:damage_dealt":6841,"minecraft:swim_one_cm":21656,"minecraft:fly_one_cm":442592,"minecraft:open_chest":36,"minecraft:crouch_one_cm":28948,"minecraft:fall_one_cm":54749},"minecraft:used":{"minecraft:torch":66,"minecraft:dirt":2,"minecraft:carrot":1,"minecraft:allium":20,"minecraft:wooden_axe":20,"minecraft:lantern":1,"minecraft:furnace":3,"minecraft:cobbled_deepslate":7,"minecraft:stone_pickaxe":116,"minecraft:oak_planks":3,"minecraft:wooden_pickaxe":17,"minecraft:spruce_sign":1,"minecraft:golden_apple":2,"minecraft:glow_berries":8,"farmersdelight:onion":8,"supplementaries:bomb":1,"minecraft:crafting_table":9,"mcdar:buzzy_nest":1,"minecraft:magenta_bed":2,"waystones:waystone":1,"minecraft:flower_pot":1,"minecraft:apple":2,"minecraft:bread":39,"minecraft:iron_pickaxe":124,"mcdw:sword_katana":164,"minecraft:gravel":1,"naturalist:glow_goop":1,"minecraft:cobblestone":4,"travelersbackpack:standard":2,"minecraft:oak_boat":2,"minecraft:candle":1},"minecraft:killed_by":{"minecraft:spider":2,"minecraft:skeleton":9},"minecraft:mined":{"minecraft:mossy_cobblestone":1,"minecraft:deepslate_diamond_ore":8,"universal_ores:andesite_iron_ore":3,"farmersdelight:wild_carrots":5,"minecraft:grass_block":2,"minecraft:spruce_leaves":2,"minecraft:hay_block":13,"farmersdelight:wild_onions":9,"minecraft:redstone_ore":4,"universal_ores:granite_coal_ore":9,"minecraft:furnace":3,"minecraft:iron_ore":65,"minecraft:fire":5,"minecraft:vine":16,"minecraft:deepslate_iron_ore":27,"minecraft:stone":34,"soulsweapons:verglas_ore_deepslate":1,"universal_ores:granite_gold_ore":2,"universal_ores:granite_iron_ore":4,"minecraft:crafting_table":8,"minecraft:torch":2,"minecraft:chest":1,"universal_ores:diorite_gold_ore":1,"minecraft:copper_ore":5,"minecraft:tall_grass":4,"minecraft:cobblestone":3,"minecraft:deepslate_gold_ore":16,"minecraft:potted_oak_sapling":1,"minecraft:oak_planks":2,"minecraft:wall_torch":3,"minecraft:sea_pickle":1,"minecraft:wheat":110,"minecraft:magenta_bed":2,"minecraft:grass":8,"minecraft:coal_ore":49,"minecraft:oak_log":4,"minecraft:gravel":2,"minecraft:cobweb":20,"universal_ores:tuff_iron_ore":2,"minecraft:gold_ore":4,"minecraft:deepslate":6,"minecraft:fern":1},"minecraft:picked_up":{"minecraft:crafting_table":8,"minecraft:allium":20,"minecraft:wheat":110,"minecraft:flower_pot":1,"minecraft:string":22,"minecraft:raw_copper":17,"minecraft:sea_pickle":2,"minecraft:cobbled_deepslate":12,"minecraft:candle":1,"minecraft:spruce_planks":2,"minecraft:oak_boat":1,"minecraft:chest":1,"minecraft:furnace":3,"minecraft:stick":22,"minecraft:raw_iron":99,"minecraft:torch":6,"magistuarmory:rustedkettlehat":1,"minecraft:carrot":5,"minecraft:redstone":18,"magistuarmory:rustedcrusader_chestplate":1,"minecraft:arrow":10,"minecraft:rotten_flesh":15,"farmersdelight:onion":9,"minecraft:hay_block":13,"minecraft:snowball":1,"minecraft:cobblestone":37,"minecraft:lilac":1,"minecraft:glow_ink_sac":7,"minecraft:flint":1,"minecraft:oak_log":20,"artifacts:superstitious_hat":1,"minecraft:magenta_bed":2,"minecraft:dirt":2,"minecraft:lantern":1,"naturalist:glow_goop":1,"wizards:wand_novice":1,"minecraft:bone":14,"minecraft:apple":2,"minecraft:bow":1,"minecraft:wheat_seeds":280,"minecraft:raw_gold":23,"minecraft:oak_planks":2,"minecraft:gravel":2,"minecraft:spruce_sapling":26,"minecraft:mossy_cobblestone":1,"minecraft:diamond":8,"waystones:waystone":1,"magistuarmory:rustedcrusader_boots":1,"minecraft:golden_apple":1,"minecraft:spruce_sign":1,"soulsweapons:verglas":1,"minecraft:oak_sapling":6,"minecraft:coal":69},"minecraft:killed":{"minecraft:cave_spider":1,"minecraft:skeleton":10,"mcdar:buzzy_nest_bee":1,"minecraft:drowned":1,"artifacts:mimic":1,"naturalist:firefly":1,"endermanoverhaul:snowy_enderman":1,"minecraft:zombie":15},"minecraft:dropped":{"minecraft:lilac":1,"artifacts:plastic_drinking_hat":1}},"DataVersion":3465}