{"stats":{"minecraft:crafted":{"minecraft:oak_planks":108,"minecraft:stone_shovel":2,"minecraft:arrow":16,"minecraft:crafting_table":3,"minecraft:wooden_pickaxe":1,"minecraft:furnace":1,"minecraft:stone_axe":1,"minecraft:bread":35,"minecraft:oak_boat":1,"minecraft:bow":2,"minecraft:shield":1,"minecraft:stick":32,"minecraft:stone_pickaxe":3,"minecraft:stone_sword":1,"minecraft:chest":3,"minecraft:torch":12},"minecraft:broken":{"minecraft:stone_pickaxe":2},"minecraft:custom":{"minecraft:interact_with_furnace":4,"minecraft:mob_kills":13,"minecraft:interact_with_crafting_table":19,"minecraft:open_barrel":6,"minecraft:leave_game":2,"minecraft:time_since_death":51991,"minecraft:sleep_in_bed":1,"minecraft:climb_one_cm":579,"minecraft:hex":0,"minecraft:time_since_rest":11866,"minecraft:sprint_one_cm":91372,"minecraft:damage_taken":759,"minecraft:walk_one_cm":113206,"minecraft:drop":18,"minecraft:damage_dealt":1610,"minecraft:damage_dealt_absorbed":20,"minecraft:swim_one_cm":11784,"minecraft:fly_one_cm":168933,"minecraft:open_chest":18,"minecraft:crouch_one_cm":27031,"minecraft:play_time":51991,"minecraft:sneak_time":7919,"minecraft:walk_under_water_one_cm":1300,"minecraft:boat_one_cm":18683,"minecraft:jump":907,"minecraft:walk_on_water_one_cm":5169,"minecraft:total_world_time":51991,"minecraft:fall_one_cm":16964},"minecraft:used":{"minecraft:stone_sword":11,"minecraft:stone_shovel":130,"minecraft:stone_pickaxe":361,"minecraft:chest":3,"minecraft:wooden_pickaxe":8,"minecraft:torch":16,"minecraft:dirt":10,"minecraft:crafting_table":6,"minecraft:bread":16,"minecraft:gravel":25,"minecraft:stone_axe":52,"minecraft:purple_bed":1,"minecraft:furnace":1,"minecraft:oak_boat":1},"minecraft:mined":{"minecraft:cyan_terracotta":2,"minecraft:crafting_table":3,"minecraft:granite":2,"minecraft:grass_block":4,"minecraft:copper_ore":1,"minecraft:cobblestone":1,"minecraft:composter":2,"minecraft:wall_torch":4,"minecraft:smooth_stone":1,"minecraft:purple_bed":2,"universal_ores:andesite_coal_ore":17,"minecraft:wheat":110,"minecraft:grass":8,"minecraft:bookshelf":7,"minecraft:oak_log":21,"minecraft:coal_ore":9,"minecraft:dirt_path":15,"minecraft:dirt":47,"minecraft:gravel":63,"minecraft:cobweb":5,"minecraft:stone":335,"minecraft:oak_leaves":1,"minecraft:fern":1},"minecraft:picked_up":{"minecraft:crafting_table":3,"minecraft:wheat":105,"minecraft:feather":4,"minecraft:chicken":3,"minecraft:leather":4,"minecraft:flint":8,"minecraft:oak_log":27,"minecraft:dirt":66,"minecraft:string":7,"minecraft:raw_copper":2,"minecraft:wheat_seeds":293,"minecraft:smooth_stone":1,"minecraft:beef":4,"minecraft:oak_boat":1,"minecraft:light_gray_wool":1,"minecraft:book":21,"minecraft:stick":2,"minecraft:composter":2,"minecraft:torch":4,"plentyofarmors:copper_leggings":1,"plentyofarmors:copper_boots":1,"minecraft:gravel":56,"artifacts:plastic_drinking_hat":1,"minecraft:purple_bed":2,"minecraft:rotten_flesh":3,"minecraft:granite":2,"minecraft:cyan_terracotta":2,"minecraft:golden_apple":1,"minecraft:bread":8,"plentyofarmors:copper_chestplate":1,"minecraft:oak_sapling":6,"minecraft:mutton":5,"minecraft:coal":31,"minecraft:white_wool":2,"minecraft:cobblestone":336},"minecraft:killed":{"minecraft:spider":1,"minecraft:sheep":3,"minecraft:zombie":4,"minecraft:chicken":3,"minecraft:cow":2},"minecraft:dropped":{"minecraft:bread":33,"minecraft:wheat_seeds":229,"minecraft:golden_apple":1,"minecraft:oak_sapling":2,"minecraft:bow":1,"minecraft:wooden_pickaxe":1,"minecraft:white_wool":2}},"DataVersion":3465}