{"stats":{"minecraft:picked_up":{"minecraft:crafting_table":2,"minecraft:wheat":105,"minecraft:feather":4,"minecraft:chicken":3,"minecraft:leather":4,"minecraft:composter":2,"minecraft:gravel":39,"minecraft:flint":6,"minecraft:oak_log":18,"minecraft:string":7,"minecraft:rotten_flesh":1,"minecraft:wheat_seeds":293,"minecraft:beef":4,"minecraft:golden_apple":1,"minecraft:bread":8,"minecraft:oak_sapling":2,"minecraft:coal":31,"minecraft:cobblestone":22},"minecraft:custom":{"minecraft:time_since_rest":16823,"minecraft:sprint_one_cm":48336,"minecraft:damage_taken":336,"minecraft:walk_one_cm":38596,"minecraft:mob_kills":6,"minecraft:drop":15,"minecraft:damage_dealt":584,"minecraft:swim_one_cm":8710,"minecraft:interact_with_crafting_table":10,"minecraft:fly_one_cm":100201,"minecraft:open_barrel":5,"minecraft:open_chest":9,"minecraft:crouch_one_cm":2219,"minecraft:play_time":16823,"minecraft:sneak_time":804,"minecraft:walk_under_water_one_cm":958,"minecraft:jump":382,"minecraft:walk_on_water_one_cm":2818,"minecraft:time_since_death":16823,"minecraft:climb_one_cm":66,"minecraft:total_world_time":16823,"minecraft:hex":0,"minecraft:fall_one_cm":10123},"minecraft:killed":{"minecraft:chicken":3,"minecraft:spider":1,"minecraft:cow":2},"minecraft:used":{"minecraft:stone_sword":5,"minecraft:stone_shovel":43,"minecraft:bread":6,"minecraft:stone_pickaxe":40,"minecraft:wooden_pickaxe":8,"minecraft:gravel":15,"minecraft:stone_axe":26,"minecraft:crafting_table":3},"minecraft:crafted":{"minecraft:oak_planks":72,"minecraft:stone_shovel":1,"minecraft:bow":1,"minecraft:shield":1,"minecraft:crafting_table":1,"minecraft:stick":16,"minecraft:wooden_pickaxe":1,"minecraft:stone_pickaxe":1,"minecraft:stone_sword":1,"minecraft:stone_axe":1,"minecraft:bread":35},"minecraft:mined":{"universal_ores:andesite_coal_ore":17,"minecraft:wheat":110,"minecraft:crafting_table":2,"minecraft:grass":6,"minecraft:coal_ore":9,"minecraft:oak_log":18,"minecraft:gravel":43,"minecraft:cobweb":5,"minecraft:stone":22,"minecraft:composter":2,"minecraft:oak_leaves":1},"minecraft:dropped":{"minecraft:bread":33,"minecraft:wheat_seeds":229,"minecraft:oak_sapling":2,"minecraft:wooden_pickaxe":1,"minecraft:golden_apple":1}},"DataVersion":3465}