{"stats":{"minecraft:custom":{"minecraft:interact_with_furnace":4,"minecraft:mob_kills":10,"minecraft:interact_with_crafting_table":14,"minecraft:open_barrel":6,"minecraft:time_since_death":28823,"minecraft:climb_one_cm":579,"minecraft:hex":0,"minecraft:time_since_rest":28823,"minecraft:sprint_one_cm":70495,"minecraft:damage_taken":541,"minecraft:walk_one_cm":72631,"minecraft:drop":18,"minecraft:damage_dealt":1005,"minecraft:swim_one_cm":11784,"minecraft:fly_one_cm":143343,"minecraft:open_chest":13,"minecraft:crouch_one_cm":3227,"minecraft:play_time":28823,"minecraft:sneak_time":1052,"minecraft:walk_under_water_one_cm":1300,"minecraft:boat_one_cm":18683,"minecraft:jump":652,"minecraft:walk_on_water_one_cm":5169,"minecraft:total_world_time":28823,"minecraft:fall_one_cm":12842},"minecraft:picked_up":{"minecraft:crafting_table":3,"minecraft:wheat":105,"minecraft:feather":4,"minecraft:chicken":3,"minecraft:leather":4,"minecraft:flint":7,"minecraft:oak_log":27,"minecraft:string":7,"minecraft:wheat_seeds":293,"minecraft:beef":4,"minecraft:oak_boat":1,"minecraft:light_gray_wool":1,"minecraft:book":21,"minecraft:stick":2,"minecraft:composter":2,"plentyofarmors:copper_boots":1,"minecraft:gravel":51,"plentyofarmors:copper_leggings":1,"artifacts:plastic_drinking_hat":1,"minecraft:purple_bed":1,"minecraft:rotten_flesh":1,"minecraft:golden_apple":1,"minecraft:bread":8,"plentyofarmors:copper_chestplate":1,"minecraft:oak_sapling":6,"minecraft:mutton":5,"minecraft:coal":31,"minecraft:white_wool":2,"minecraft:cobblestone":22},"minecraft:killed":{"minecraft:spider":1,"minecraft:sheep":3,"minecraft:zombie":1,"minecraft:chicken":3,"minecraft:cow":2},"minecraft:used":{"minecraft:stone_sword":11,"minecraft:stone_shovel":57,"minecraft:stone_pickaxe":40,"minecraft:wooden_pickaxe":8,"minecraft:crafting_table":4,"minecraft:bread":14,"minecraft:gravel":22,"minecraft:stone_axe":41,"minecraft:furnace":1,"minecraft:oak_boat":1},"minecraft:crafted":{"minecraft:oak_planks":72,"minecraft:stone_shovel":1,"minecraft:arrow":16,"minecraft:crafting_table":2,"minecraft:wooden_pickaxe":1,"minecraft:furnace":1,"minecraft:stone_axe":1,"minecraft:bread":35,"minecraft:oak_boat":1,"minecraft:bow":2,"minecraft:shield":1,"minecraft:stick":20,"minecraft:stone_pickaxe":1,"minecraft:stone_sword":1},"minecraft:mined":{"minecraft:crafting_table":3,"minecraft:composter":2,"minecraft:purple_bed":1,"universal_ores:andesite_coal_ore":17,"minecraft:wheat":110,"minecraft:grass":6,"minecraft:bookshelf":7,"minecraft:oak_log":21,"minecraft:coal_ore":9,"minecraft:gravel":57,"minecraft:cobweb":5,"minecraft:stone":22,"minecraft:oak_leaves":1},"minecraft:dropped":{"minecraft:bread":33,"minecraft:wheat_seeds":229,"minecraft:golden_apple":1,"minecraft:oak_sapling":2,"minecraft:bow":1,"minecraft:wooden_pickaxe":1,"minecraft:white_wool":2}},"DataVersion":3465}