{"stats":{"minecraft:picked_up":{"minecraft:wheat":105,"minecraft:rotten_flesh":1,"minecraft:composter":2,"minecraft:wheat_seeds":293,"minecraft:golden_apple":1,"minecraft:oak_log":7,"minecraft:oak_sapling":1,"minecraft:coal":5},"minecraft:custom":{"minecraft:time_since_rest":4823,"minecraft:open_chest":3,"minecraft:crouch_one_cm":340,"minecraft:play_time":4823,"minecraft:sprint_one_cm":12442,"minecraft:damage_taken":10,"minecraft:walk_one_cm":7331,"minecraft:sneak_time":48,"minecraft:walk_under_water_one_cm":55,"minecraft:drop":7,"minecraft:jump":87,"minecraft:time_since_death":4823,"minecraft:walk_on_water_one_cm":277,"minecraft:hex":0,"minecraft:total_world_time":4823,"minecraft:swim_one_cm":6071,"minecraft:fall_one_cm":2928,"minecraft:fly_one_cm":22085},"minecraft:crafted":{"minecraft:oak_planks":28,"minecraft:crafting_table":1,"minecraft:stick":8},"minecraft:mined":{"minecraft:grass":4,"minecraft:oak_log":7,"minecraft:wheat":110,"minecraft:composter":2},"minecraft:dropped":{"minecraft:wheat_seeds":229}},"DataVersion":3465}