{"stats":{"minecraft:crafted":{"minecraft:oak_planks":108,"minecraft:stone_shovel":1,"minecraft:arrow":16,"minecraft:crafting_table":2,"minecraft:wooden_pickaxe":1,"minecraft:furnace":1,"minecraft:stone_axe":1,"minecraft:bread":35,"minecraft:oak_boat":1,"minecraft:bow":2,"minecraft:shield":1,"minecraft:stick":20,"minecraft:stone_pickaxe":1,"minecraft:stone_sword":1,"minecraft:chest":1,"minecraft:torch":12},"minecraft:custom":{"minecraft:interact_with_furnace":4,"minecraft:mob_kills":10,"minecraft:interact_with_crafting_table":15,"minecraft:open_barrel":6,"minecraft:leave_game":1,"minecraft:time_since_death":38270,"minecraft:climb_one_cm":579,"minecraft:hex":0,"minecraft:time_since_rest":38270,"minecraft:sprint_one_cm":91334,"minecraft:damage_taken":551,"minecraft:walk_one_cm":87067,"minecraft:drop":18,"minecraft:damage_dealt":1010,"minecraft:swim_one_cm":11784,"minecraft:fly_one_cm":168697,"minecraft:open_chest":15,"minecraft:crouch_one_cm":9875,"minecraft:play_time":38270,"minecraft:sneak_time":3202,"minecraft:walk_under_water_one_cm":1300,"minecraft:boat_one_cm":18683,"minecraft:jump":780,"minecraft:walk_on_water_one_cm":5169,"minecraft:total_world_time":38270,"minecraft:fall_one_cm":16279},"minecraft:used":{"minecraft:stone_sword":11,"minecraft:stone_shovel":123,"minecraft:stone_pickaxe":138,"minecraft:chest":1,"minecraft:wooden_pickaxe":8,"minecraft:torch":2,"minecraft:dirt":1,"minecraft:crafting_table":5,"minecraft:bread":14,"minecraft:gravel":22,"minecraft:stone_axe":41,"minecraft:furnace":1,"minecraft:oak_boat":1},"minecraft:mined":{"minecraft:crafting_table":3,"minecraft:grass_block":4,"minecraft:copper_ore":1,"minecraft:composter":2,"minecraft:purple_bed":1,"universal_ores:andesite_coal_ore":17,"minecraft:wheat":110,"minecraft:grass":8,"minecraft:bookshelf":7,"minecraft:oak_log":21,"minecraft:coal_ore":9,"minecraft:dirt_path":15,"minecraft:dirt":46,"minecraft:gravel":57,"minecraft:cobweb":5,"minecraft:stone":119,"minecraft:oak_leaves":1,"minecraft:fern":1},"minecraft:picked_up":{"minecraft:crafting_table":3,"minecraft:wheat":105,"minecraft:feather":4,"minecraft:chicken":3,"minecraft:leather":4,"minecraft:flint":7,"minecraft:oak_log":27,"minecraft:dirt":65,"minecraft:string":7,"minecraft:wheat_seeds":293,"minecraft:beef":4,"minecraft:oak_boat":1,"minecraft:light_gray_wool":1,"minecraft:book":21,"minecraft:stick":2,"minecraft:composter":2,"plentyofarmors:copper_leggings":1,"plentyofarmors:copper_boots":1,"minecraft:gravel":51,"artifacts:plastic_drinking_hat":1,"minecraft:purple_bed":1,"minecraft:rotten_flesh":1,"minecraft:golden_apple":1,"minecraft:bread":8,"plentyofarmors:copper_chestplate":1,"minecraft:oak_sapling":6,"minecraft:mutton":5,"minecraft:coal":31,"minecraft:white_wool":2,"minecraft:cobblestone":110},"minecraft:killed":{"minecraft:spider":1,"minecraft:sheep":3,"minecraft:zombie":1,"minecraft:chicken":3,"minecraft:cow":2},"minecraft:dropped":{"minecraft:bread":33,"minecraft:wheat_seeds":229,"minecraft:golden_apple":1,"minecraft:oak_sapling":2,"minecraft:bow":1,"minecraft:wooden_pickaxe":1,"minecraft:white_wool":2}},"DataVersion":3465}